Year,Make,Model,Trim,Body,Transmission,VIN,State,Condition,Odometer,Color,Interior,Seller,MMR,SellingPrice,SaleDate
2000,Oldsmobile,Intrigue,GLS,Sedan,automatic,1g3wx52h5yf273143,oh,1,188860,silver,gray,coachworks,1050,350,Tue Feb 17 2015 05:00:00 GMT-0800 (PST)
2000,Oldsmobile,Intrigue,GX,Sedan,automatic,1g3wh52h0yf297301,ca,25,175789,red,beige,bob baker volkswagen subaru,825,900,Fri Feb 27 2015 07:00:00 GMT-0800 (PST)
2002,Oldsmobile,Bravada,Base,SUV,automatic,1ghdt13s622117885,az,1,129327,red,gray,cash time title loans,2200,1400,Wed Feb 25 2015 03:00:00 GMT-0800 (PST)
2001,Oldsmobile,Intrigue,GL,Sedan,automatic,1g3ws52h31f130020,nj,19,136611,beige,beige,lester glenn ford,1125,1600,Wed Mar 04 2015 01:30:00 GMT-0800 (PST)
1999,Oldsmobile,Intrigue,GLS,Sedan,automatic,1g3wx52h6xf358085,ca,21,157760,red,gray,credit acceptance corp/vrs/southfield,650,950,Wed Feb 25 2015 04:30:00 GMT-0800 (PST)
2001,Oldsmobile,Aurora,4,Sedan,automatic,1g3gs64c614118046,md,22,115825,white,beige,credit acceptance corp/vrs/southfield,1225,225,Tue Feb 24 2015 05:00:00 GMT-0800 (PST)
2002,Oldsmobile,Alero,GL2,Sedan,automatic,1g3nl52ex2c228642,mn,24,100672,gold,tan,luther brookdale chrysler jeep dodge,1550,2250,Wed Feb 25 2015 02:30:00 GMT-0800 (PST)
2003,Oldsmobile,Silhouette,GLS,Minivan,automatic,1ghdx03ex3d102918,fl,19,141469,gold,gray,credit acceptance corp/vrs/southfield,1575,850,Thu Feb 19 2015 17:00:00 GMT-0800 (PST)
2000,Oldsmobile,Bravada,Base,SUV,automatic,1ghdt13w1y2196068,ca,27,170890,white,gray,san luis bay motors inc,1250,1250,Thu Feb 19 2015 05:00:00 GMT-0800 (PST)
2002,Oldsmobile,Silhouette,Premiere,Minivan,automatic,1ghdx13e72d214256,nc,19,153219,gold,tan,westlake financial services,1225,500,Mon Feb 23 2015 01:00:00 GMT-0800 (PST)
1997,Oldsmobile,Aurora,Base,Sedan,automatic,1g3gr62c2v4110062,ne,19,149694,black,black,select remarketing group llc/loan max title,600,650,Thu Feb 26 2015 04:00:00 GMT-0800 (PST)
2001,Oldsmobile,Aurora,3.5,Sedan,automatic,1g3gr64h114181238,tx,25,145634,white,gray,credit acceptance corp/vrs/southfield,1425,1100,Thu Feb 19 2015 03:00:00 GMT-0800 (PST)
2002,Oldsmobile,Silhouette,Premiere,Minivan,automatic,1ghdx13e72d230845,ca,2,93266,silver,gray,charitable auto resource,1875,1700,Tue Feb 17 2015 04:00:00 GMT-0800 (PST)
2003,Oldsmobile,Alero,GL1,Sedan,automatic,1g3nl52e73c106189,fl,22,207843,red,gray,motormax financial services,475,600,Thu Feb 26 2015 05:25:00 GMT-0800 (PST)
2003,Oldsmobile,Silhouette,GLS,Minivan,automatic,1ghdx03ex3d151892,wa,35,111438,silver,gray,chevrolet cadillac of bellingham,1500,2100,Wed Feb 18 2015 04:30:00 GMT-0800 (PST)
2002,Oldsmobile,Bravada,Base,SUV,automatic,1ghdt13s822127365,la,1,202221,white,gray,check into cash inc.,1625,300,Wed Feb 18 2015 02:00:00 GMT-0800 (PST)
2002,Oldsmobile,Alero,GL1,Sedan,automatic,1g3nl52f52c292466,nc,29,172963,white,gray,honda of concord,1000,1850,Wed Feb 25 2015 06:00:00 GMT-0800 (PST)
1999,Oldsmobile,Intrigue,GLS,Sedan,automatic,1g3wx52h0xf389610,az,19,130979,black,gray,cash time title loans,600,450,Tue Mar 03 2015 03:00:00 GMT-0800 (PST)
2003,Oldsmobile,Alero,GL1,Coupe,automatic,1g3nl12fx3c331210,oh,1,217008,red,gray,dt inventory,875,250,Thu Feb 19 2015 01:00:00 GMT-0800 (PST)
1999,Oldsmobile,Intrigue,GX,Sedan,automatic,1g3wh52k8xf315988,fl,19,81602,gray,gray,autonation honda clearwater,1075,1100,Tue Feb 17 2015 10:00:00 GMT-0800 (PST)
2001,Oldsmobile,Silhouette,GLS,Minivan,automatic,1ghdx03e41d312282,fl,19,155254,gold,beige,coggin honda of orlando,1425,1200,Tue Mar 03 2015 10:00:00 GMT-0800 (PST)
2001,Oldsmobile,Aurora,3.5,Sedan,automatic,1g3gr64h914145071,ca,19,109277,white,beige,premium auto wholesale,1800,2000,Thu Mar 05 2015 04:00:00 GMT-0800 (PST)
2002,Oldsmobile,Bravada,Base,SUV,automatic,1ghdt13s422301206,fl,29,185321,gold,silver,foley motorsports,1675,1800,Thu Mar 05 2015 02:15:00 GMT-0800 (PST)
2000,Oldsmobile,Alero,GX,Sedan,automatic,1g3nk52t0yc301236,oh,2,170362,white,gray,dt inventory,275,300,Thu Mar 05 2015 01:00:00 GMT-0800 (PST)
1997,Oldsmobile,Cutlass Supreme,SL,Sedan,automatic,1g3wh52m7vf304785,ca,19,126740,green,tan,inland chevrolet,700,700,Thu Mar 05 2015 04:00:00 GMT-0800 (PST)
2003,Oldsmobile,Alero,GL1,Coupe,automatic,1g3nl12fx3c314472,fl,19,1,gray,gray,courtesy hyundai,2725,600,Thu Mar 05 2015 08:20:00 GMT-0800 (PST)
2002,Oldsmobile,Intrigue,GX,Sedan,automatic,1g3wh52h22f203460,il,25,155221,red,gray,gateway financial services,1200,700,Thu Mar 05 2015 06:00:00 GMT-0800 (PST)
2003,Oldsmobile,Silhouette,GLS,Minivan,automatic,1ghdx03e93d270663,tx,35,145694,silver,gray,community acceptance corporation,1500,750,Tue Mar 03 2015 03:00:00 GMT-0800 (PST)
2004,Oldsmobile,Alero,GL1,Sedan,automatic,1g3nl52f94c179249,ma,19,161911,white,tan,imperial ford corporation,1275,1000,Tue Mar 03 2015 02:00:00 GMT-0800 (PST)
1992,Oldsmobile,Cutlass Ciera,S,Sedan,automatic,1g3al54n7n6380621,va,2,119847,gray,blue,purple heart,400,400,Thu Mar 05 2015 03:50:00 GMT-0800 (PST)
1999,Oldsmobile,Alero,GLS,Sedan,automatic,1g3nf52e0xc418934,fl,2,195214,red,tan,autonation chevrolet greenacres,200,800,Tue Feb 17 2015 10:00:00 GMT-0800 (PST)
2003,Oldsmobile,Alero,GL1,Sedan,automatic,1g3nl52f13c225929,oh,19,184247,blue,gray,dt inventory,1100,500,Thu Mar 05 2015 01:00:00 GMT-0800 (PST)
1999,Oldsmobile,Alero,GL,Sedan,automatic,1g3nl52txxc372665,fl,19,119774,white,gray,courtesy kia of brandon,775,1400,Thu Feb 26 2015 08:20:00 GMT-0800 (PST)
1999,Oldsmobile,Intrigue,GL,Sedan,automatic,1g3ws52k9xf330890,mo,19,142650,green,beige,dt inventory,1125,300,Mon Mar 02 2015 03:00:00 GMT-0800 (PST)
2001,Oldsmobile,Silhouette,GLS,Minivan,automatic,1ghdx03e51d111880,fl,19,302896,black,tan,courtesy kia of brandon,225,600,Thu Feb 26 2015 08:20:00 GMT-0800 (PST)
2001,Oldsmobile,Aurora,3.5,Sedan,automatic,1g3gr64h914145071,ca,19,109275,white,beige,premium auto wholesale,1875,2000,Thu Feb 26 2015 04:00:00 GMT-0800 (PST)
2001,Oldsmobile,Alero,GL1,Sedan,automatic,1g3nl52tx1c204919,fl,19,165367,red,beige,coggin nissan,975,650,Thu Feb 26 2015 05:00:00 GMT-0800 (PST)
1995,Oldsmobile,Cutlass Supreme,S,Sedan,automatic,1g3wh52m7sd335378,pa,2,183510,gray,gray,enterprise car sales,625,500,Tue Feb 24 2015 01:30:00 GMT-0800 (PST)
2001,Oldsmobile,Alero,GLS,Sedan,automatic,1g3nf52e61c223623,ca,2,116129,gold,beige,merle stone chevrolet,1350,1800,Thu Feb 26 2015 05:00:00 GMT-0800 (PST)
2003,Oldsmobile,Alero,GL1,Sedan,automatic,1g3nl52f93c291547,va,35,168676,green,gray,brown's leesburg hyundai,1200,950,Thu Feb 26 2015 01:05:00 GMT-0800 (PST)
2003,Oldsmobile,Alero,GL1,Sedan,automatic,1g3nl52ex3c262310,mi,19,122117,green,tan,modern financial services,1450,1650,Thu Feb 12 2015 01:30:00 GMT-0800 (PST)
1995,Oldsmobile,Eighty-Eight Royale,Base,Sedan,automatic,1g3hn52k6s4835824,nv,2,130473,silver,—,titlebucks/lasvegas nv1,950,250,Thu Feb 19 2015 03:00:00 GMT-0800 (PST)
1997,Oldsmobile,Cutlass Supreme,SL,Sedan,automatic,1g3wh52mxvf312668,oh,1,176335,beige,tan,dt inventory,375,300,Thu Feb 12 2015 01:00:00 GMT-0800 (PST)
1999,Oldsmobile,Intrigue,GLS,Sedan,automatic,1g3wx52h6xf312952,oh,19,230251,black,tan,dt inventory,325,250,Thu Feb 12 2015 01:00:00 GMT-0800 (PST)
2001,Oldsmobile,Silhouette,Premiere,Minivan,automatic,1ghdx13e81d330354,oh,19,189858,beige,tan,dt inventory,1050,850,Thu Feb 12 2015 01:00:00 GMT-0800 (PST)
2001,Oldsmobile,Aurora,4,Sedan,automatic,1g3gs64c314108154,in,3,136009,white,beige,cars helping veterans,925,375,Wed Feb 11 2015 04:59:00 GMT-0800 (PST)
2001,Oldsmobile,Aurora,3.5,Sedan,automatic,1g3gr64h014281119,la,39,79850,beige,beige,westfall auto sales,1975,3700,Wed Feb 11 2015 02:40:00 GMT-0800 (PST)
2001,Oldsmobile,Aurora,3.5,Sedan,automatic,1g3gr64h814199400,mi,21,150106,black,black,modern financial services,1275,1300,Thu Feb 12 2015 01:30:00 GMT-0800 (PST)
2002,Oldsmobile,Silhouette,Premiere,Minivan,automatic,1ghdx13e22d133858,mi,37,125896,white,gray,credit acceptance corp/vrs/southfield,1675,1000,Thu Feb 12 2015 01:30:00 GMT-0800 (PST)
2002,Oldsmobile,Intrigue,GX,Sedan,automatic,1g3wh52h02f136728,sc,1,131959,silver,gray,rick hendrick chevrolet,1250,1400,Tue Feb 10 2015 02:00:00 GMT-0800 (PST)
2004,Oldsmobile,Silhouette,GLS,Minivan,automatic,1ghdx03e64d169274,fl,19,141456,silver,gray,remarketing by ge/sw1 remarketing,1225,1900,Tue Feb 10 2015 03:05:00 GMT-0800 (PST)
1999,Oldsmobile,Bravada,Base,SUV,automatic,1ghdt13w4x2719114,va,19,156209,white,brown,brown's manassas hyundai,875,550,Thu Feb 12 2015 01:05:00 GMT-0800 (PST)
2001,Oldsmobile,Alero,GLS,Sedan,automatic,1g3nf52e11c142481,va,19,229398,silver,gray,dt inventory,375,300,Thu Feb 12 2015 01:05:00 GMT-0800 (PST)
2004,Oldsmobile,Alero,GL1,Sedan,automatic,1g3nl52e94c175922,ut,19,189971,silver,gray,credit acceptance corp/vrs/southfield,825,600,Wed Feb 11 2015 03:30:00 GMT-0800 (PST)
2000,Oldsmobile,Bravada,Base,SUV,automatic,1ghdt13w0y2184493,wi,1,239243,gray,gray,purple heart services inc,475,275,Wed Feb 11 2015 01:00:00 GMT-0800 (PST)
2002,Oldsmobile,Alero,GL1,Sedan,automatic,1g3nl52f62c252445,wa,21,132605,red,beige,repo remarketing/qualstar credit union,1475,600,Wed Feb 11 2015 04:30:00 GMT-0800 (PST)
2003,Oldsmobile,Alero,GL1,Sedan,automatic,1g3nl52e23c126043,tx,2,1,silver,gray,titlemax/new braunfels tx1,1975,350,Wed Feb 18 2015 04:30:00 GMT-0800 (PST)
2000,Oldsmobile,Alero,GL,Coupe,automatic,1g3nl12t1yc318844,oh,19,153350,red,gray,jana auto sale inc,700,1000,Tue Feb 10 2015 01:30:00 GMT-0800 (PST)
2001,Oldsmobile,Aurora,3.5,Sedan,automatic,1g3gr64h614183342,md,25,140117,white,gray,carbiz,1325,1400,Tue Feb 10 2015 01:30:00 GMT-0800 (PST)
2001,Oldsmobile,Silhouette,GLS,Minivan,automatic,1ghdx03e71d314561,oh,19,141907,blue,tan,halleen kia,1175,650,Tue Feb 10 2015 01:30:00 GMT-0800 (PST)
2001,Oldsmobile,Alero,GL1,Sedan,automatic,1g3nl52t61c264180,wi,1,139310,blue,gray,heiser ford lincoln mercury,1100,325,Wed Feb 18 2015 02:30:00 GMT-0800 (PST)
2002,Oldsmobile,Bravada,Base,SUV,automatic,1ghdt13s422214289,fl,22,169906,blue,gray,autonation toyota fort myers,1900,1600,Tue Feb 17 2015 10:00:00 GMT-0800 (PST)
2004,Oldsmobile,Alero,GL1,Sedan,automatic,1g3nl52f94c178098,ga,19,135925,silver,gray,toyota of greenville,1275,1400,Tue Feb 17 2015 05:00:00 GMT-0800 (PST)
1998,Oldsmobile,Eighty-Eight,LS,Sedan,automatic,1g3hn52k9w4808218,pa,21,197998,green,gray,chevrolet 21 inc,675,1500,Tue Feb 17 2015 01:30:00 GMT-0800 (PST)
2000,Oldsmobile,Alero,GLS,Sedan,automatic,1g3nf52e5yc419269,wi,2,149999,blue,gray,the salvation army arc,725,300,Wed Feb 18 2015 01:00:00 GMT-0800 (PST)
2002,Oldsmobile,Bravada,Base,SUV,automatic,1ghdt13s322447760,tn,24,195480,green,tan,dt inventory,1700,1800,Tue Feb 17 2015 02:30:00 GMT-0800 (PST)
2001,Oldsmobile,Silhouette,Premiere,Minivan,automatic,1ghdx13e01d165609,oh,19,135415,blue,gray,credit acceptance corp/vrs/southfield,1300,1200,Tue Feb 17 2015 04:00:00 GMT-0800 (PST)
2002,Oldsmobile,Aurora,4,Sedan,automatic,1g3gs64c024204664,oh,34,170512,gray,gray,aex credit services,800,800,Thu Feb 12 2015 01:00:00 GMT-0800 (PST)
2002,Oldsmobile,Alero,GLS,Coupe,automatic,1g3nf12e32c139818,oh,27,150955,red,gray,credit acceptance corp/vrs/southfield,800,1200,Tue Feb 17 2015 04:00:00 GMT-0800 (PST)
2004,Oldsmobile,Alero,GL1,Sedan,automatic,1g3nl52e14c169001,nc,35,80478,red,gray,csh finance,2250,2900,Tue Mar 03 2015 01:15:00 GMT-0800 (PST)
1999,Oldsmobile,Cutlass,GLS,Sedan,automatic,1g3ng52mxx6340844,fl,19,87058,brown,tan,gettel nissan of sarasota,950,1000,Thu Mar 05 2015 08:00:00 GMT-0800 (PST)
2004,Oldsmobile,Alero,GL1,Sedan,automatic,1g3nl52f64c154924,ga,19,175411,white,gray,capital one auto finance,850,1100,Tue Feb 17 2015 01:30:00 GMT-0800 (PST)
2000,Oldsmobile,Alero,GLS,Sedan,automatic,1g3nf52e9yc424961,ga,22,179852,blue,tan,ari,475,1100,Thu Feb 19 2015 02:00:00 GMT-0800 (PST)
2000,Oldsmobile,Alero,GX,Sedan,automatic,1g3nk52t7yc429652,ga,2,220289,black,tan,purple heart,50,700,Thu Feb 12 2015 04:30:00 GMT-0800 (PST)
2002,Oldsmobile,Alero,GL2,Sedan,automatic,1g3nl52e92c118195,oh,28,95357,beige,beige,aex credit services,1350,2500,Thu Feb 12 2015 01:00:00 GMT-0800 (PST)
2002,Oldsmobile,Alero,GL1,Sedan,automatic,1g3nl52f32c270630,va,2,78957,beige,tan,purple heart,2250,400,Thu Feb 12 2015 03:50:00 GMT-0800 (PST)
1999,Oldsmobile,Alero,GLS,Sedan,automatic,1g3nf52e9xc300722,mn,2,90735,silver,tan,floorplan xpress llc,875,1300,Thu Feb 12 2015 02:45:00 GMT-0800 (PST)
2001,Oldsmobile,Silhouette,GL,Minivan,automatic,1ghdx23e61d314000,nc,19,146204,white,gray,hendrick chrysler dodge jeep ram of concord,1050,1500,Wed Feb 11 2015 06:00:00 GMT-0800 (PST)
2001,Oldsmobile,Aurora,3.5,Sedan,automatic,1g3gr64h614182496,mi,44,135698,gold,tan,ocean honda,1425,1600,Thu Feb 12 2015 01:30:00 GMT-0800 (PST)
2003,Oldsmobile,Silhouette,GLS,Minivan,automatic,1ghdx03e43d215327,ca,28,157550,gold,beige,dutton motor co,925,1100,Tue Feb 10 2015 04:30:00 GMT-0800 (PST)
2000,Oldsmobile,Intrigue,GX,sedan,automatic,1g3wh52h8yf209188,tx,28,215260,white,gray,texas direct auto,500,300,Wed Jun 03 2015 03:20:00 GMT-0700 (PDT)
1999,Oldsmobile,Cutlass,GL,sedan,automatic,1g3nb52j9x6323585,va,27,149195,green,beige,r k chevrolet inc,625,450,Thu Jun 11 2015 02:35:00 GMT-0700 (PDT)
2000,Oldsmobile,Bravada,Base,suv,automatic,1ghdt13w7y2204528,va,19,101859,red,brown,browns honda city,1075,1100,Thu Jun 11 2015 02:05:00 GMT-0700 (PDT)
2001,Oldsmobile,Intrigue,GX,sedan,automatic,1g3wh52h41f186658,nc,19,133506,gold,beige,crossroads ford lincoln of morganton inc,875,400,Mon Jun 15 2015 02:00:00 GMT-0700 (PDT)
2001,Oldsmobile,Bravada,Base,suv,automatic,1ghdt13w812215804,va,28,91110,gold,gray,hendrick honda woodbridge,1925,2150,Thu Jun 11 2015 02:50:00 GMT-0700 (PDT)
2003,Oldsmobile,Alero,GL1,sedan,automatic,1g3nl52f43c332201,nc,19,182891,gold,gray,crossroads ford lincoln of morganton inc,800,900,Mon Jun 15 2015 01:31:00 GMT-0700 (PDT)
1999,Oldsmobile,Cutlass,GL,sedan,automatic,1g3nb52m9x6330465,mo,19,134134,silver,gray,gmt auto sales inc,900,400,Tue Jun 09 2015 04:00:00 GMT-0700 (PDT)
1998,Oldsmobile,Aurora,Base,sedan,automatic,1g3gr62c5w4104029,fl,21,120719,black,beige,dt inventory,1100,700,Tue Jun 09 2015 02:15:00 GMT-0700 (PDT)
1999,Oldsmobile,Cutlass,GL,sedan,automatic,1g3nb52j6x6334141,pa,19,116173,beige,gray,credit acceptance corp/vrs/southfield,1000,650,Tue Jun 09 2015 02:30:00 GMT-0700 (PDT)
2002,Oldsmobile,Intrigue,GX,sedan,automatic,1g3wh52h12f149262,oh,1,205166,beige,gray,select remarketing group llc/loan max title,400,425,Tue Jun 09 2015 02:30:00 GMT-0700 (PDT)
1998,Oldsmobile,Aurora,Base,sedan,automatic,1g3gr62c7w4124685,mi,45,148933,black,blue,ocean honda,725,350,Thu Jun 11 2015 02:30:00 GMT-0700 (PDT)
2002,Oldsmobile,Alero,GL2,coupe,automatic,1g3nl12e72c226064,wa,44,100547,white,gray,robert larson's hyundai,1125,1500,Wed Jun 03 2015 07:10:00 GMT-0700 (PDT)
2002,Oldsmobile,Intrigue,GX,sedan,automatic,1g3wh52h22f101088,tn,29,28980,burgundy,gray,essen motor company inc,1000,5000,Wed Jun 03 2015 03:30:00 GMT-0700 (PDT)
1997,Oldsmobile,Eighty-Eight,LS,sedan,automatic,1g3hn52k0v4841669,ca,21,57069,gold,beige,riverside car store inc,1325,1250,Tue Jun 16 2015 05:30:00 GMT-0700 (PDT)
2001,Oldsmobile,Silhouette,GLS,minivan,automatic,1ghdx03e61d135847,nm,19,171439,black,gray,automotive remarketing inc,975,400,Wed Jun 10 2015 07:00:00 GMT-0700 (PDT)
1997,Oldsmobile,Eighty-Eight,LS,sedan,automatic,1g3hn52k6v4833284,fl,1,143684,white,blue,d&a fine cars,750,400,Tue Jun 02 2015 02:20:00 GMT-0700 (PDT)
1998,Oldsmobile,Bravada,Base,suv,automatic,1ghdt13w4w2704353,ma,21,62021,white,gray,clay chevrolet hyundai,1475,700,Tue Jun 02 2015 03:00:00 GMT-0700 (PDT)
1999,Oldsmobile,Alero,GX,Sedan,automatic,1g3nk52txxc380025,mo,19,165522,white,gray,napleton's mid river,475,550,Tue Jun 02 2015 04:00:00 GMT-0700 (PDT)
2002,Oldsmobile,Alero,GL1,sedan,automatic,1g3nl52f32c104253,nc,27,133014,white,beige,hendrick toyota scion concord,1000,800,Wed Jun 03 2015 07:00:00 GMT-0700 (PDT)
1997,Oldsmobile,Bravada,Base,suv,automatic,1ghdt13wxv2723858,nc,38,152582,white,tan,rick hendrick chevrolet buick gmc,450,1100,Mon Jun 01 2015 02:15:00 GMT-0700 (PDT)
2001,Oldsmobile,Silhouette,Premiere,minivan,automatic,1ghdx13e61d331986,fl,2,155963,white,tan,d&a fine cars,900,850,Tue Jun 16 2015 02:20:00 GMT-0700 (PDT)
2003,Oldsmobile,Alero,GL1,coupe,automatic,1g3nl12f93c168730,tx,25,183771,red,tan,fusion autoplex,275,600,Thu Jun 18 2015 03:30:00 GMT-0700 (PDT)
2003,Oldsmobile,Alero,GL1,coupe,automatic,1g3nl12f43c263955,az,2,154823,red,beige,larry h miller dodge peoria,625,900,Thu Jun 18 2015 05:30:00 GMT-0700 (PDT)
1997,Oldsmobile,Cutlass Supreme,SL,sedan,automatic,1g3wh52m2vf337659,fl,19,137757,silver,gray,ed morse auto plaza,725,700,Thu Jun 18 2015 08:30:00 GMT-0700 (PDT)
1998,Oldsmobile,Bravada,Base,suv,automatic,1ghdt13w6w2730971,fl,2,226757,white,black,coggin chevrolet at the avenues,75,325,Thu Jun 18 2015 06:00:00 GMT-0700 (PDT)
2004,Oldsmobile,Alero,GL2,sedan,automatic,1g3nl52e24c234275,nm,21,137546,red,gray,car now acceptance co/albuquerque,1350,750,Wed Jun 17 2015 04:30:00 GMT-0700 (PDT)
1996,Oldsmobile,Cutlass Supreme,SL,sedan,automatic,1g3wh52m7tf374977,fl,2,155389,gold,beige,dt inventory,725,300,Wed Jun 17 2015 09:00:00 GMT-0700 (PDT)
2001,Oldsmobile,Intrigue,GLS,sedan,automatic,1g3wx52hx1f125379,pa,2,127769,black,beige,lansdale chrysler dodge jeep ram,1300,700,Tue Jun 16 2015 02:30:00 GMT-0700 (PDT)
2001,Oldsmobile,Alero,GL4,sedan,automatic,1g3nl52t71c106432,ga,3,92582,red,beige,bellamy strickland chev gmc,1200,900,Tue Jun 16 2015 06:00:00 GMT-0700 (PDT)
2002,Oldsmobile,Alero,GL2,coupe,automatic,1g3nl12e62c156265,wi,19,95042,beige,tan,napletons hyundai,1275,500,Wed Jun 17 2015 03:00:00 GMT-0700 (PDT)
1994,Oldsmobile,Cutlass Ciera,S,sedan,automatic,1g3ag55m1r6373423,wa,2,202780,red,gray,volunteers of america western washington,300,275,Wed May 27 2015 06:15:00 GMT-0700 (PDT)
2003,Oldsmobile,Silhouette,GLS,minivan,automatic,1ghdx03e03d145826,oh,19,121460,silver,gray,pat obrien chevrolet south,1925,975,Tue Jun 16 2015 02:30:00 GMT-0700 (PDT)
1998,Oldsmobile,Cutlass,GLS,sedan,automatic,1g3ng52m3w6306064,pa,19,65555,silver,gray,grand prix suzuki,1250,1200,Tue Jun 16 2015 02:30:00 GMT-0700 (PDT)
1999,Oldsmobile,Bravada,Base,suv,automatic,1ghdt13w5x2720613,fl,23,222487,gray,gray,autonation chevrolet delray,475,300,Tue Jun 16 2015 12:05:00 GMT-0700 (PDT)
2004,Oldsmobile,Alero,GLS,sedan,automatic,1g3nf52e24c142123,va,24,86463,silver,gray,freedom first credit union,2875,2000,Tue Jun 16 2015 17:00:00 GMT-0700 (PDT)
2002,Oldsmobile,Alero,GX,sedan,automatic,1g3nk52f12c223423,md,36,108862,silver,gray,darcars toyota of frederick,950,550,Tue Jun 16 2015 02:30:00 GMT-0700 (PDT)
2003,Oldsmobile,Silhouette,GLS,minivan,automatic,1ghdx03e53d263970,pa,1,92422,silver,gray,purple heart,2300,325,Tue Jun 16 2015 06:01:00 GMT-0700 (PDT)
1992,Oldsmobile,Cutlass Ciera,S,sedan,automatic,1g3al54n8n6403727,ga,2,115256,gray,gray,purple heart,400,375,Thu Jun 11 2015 05:30:00 GMT-0700 (PDT)
1997,Oldsmobile,Aurora,Base,sedan,automatic,1g3gr62c1v4107069,fl,19,80480,red,black,king hyundai,925,800,Thu Jun 11 2015 03:05:00 GMT-0700 (PDT)
1996,Oldsmobile,Cutlass Supreme,SL,sedan,automatic,1g3wh52m8tf336917,oh,1,267734,white,gray,select remarketing group llc/loan max title,25,325,Tue Jun 16 2015 05:00:00 GMT-0700 (PDT)
2003,Oldsmobile,Alero,GL1,Sedan,automatic,1g3nl52f83c250973,pa,1,185190,red,tan,1 cochran of monroeville,675,900,Tue Apr 07 2015 17:00:00 GMT-0700 (PDT)
2002,Oldsmobile,Bravada,Base,SUV,automatic,1ghdt13s922147835,nj,29,103797,beige,gray,burns kull inc,2550,2200,Wed May 20 2015 02:30:00 GMT-0700 (PDT)
2001,Oldsmobile,Alero,GL4,Sedan,automatic,1g3nl52t81c226143,oh,19,173215,blue,gray,halleen kia,750,400,Tue May 26 2015 02:30:00 GMT-0700 (PDT)
2002,Oldsmobile,Alero,GL1,Sedan,automatic,1g3nl52f42c142042,md,28,134092,gray,tan,darcars dodge of new carrollton,1125,500,Tue May 26 2015 02:30:00 GMT-0700 (PDT)
1996,Oldsmobile,Cutlass Supreme,SL,Sedan,automatic,1g3wh52mxtf376593,mo,1,159553,gold,tan,hendrick toyota merriam,700,350,Wed May 13 2015 03:30:00 GMT-0700 (PDT)
2000,Oldsmobile,Bravada,Base,SUV,automatic,1ghdt13w8y2361694,pa,3,151990,black,black,carhop,1275,500,Tue May 19 2015 02:30:00 GMT-0700 (PDT)
2001,Oldsmobile,Aurora,4,Sedan,automatic,1g3gs64c814109736,ut,19,182476,white,beige,credit acceptance corp/vrs/southfield,900,350,Wed May 13 2015 04:30:00 GMT-0700 (PDT)
2001,Oldsmobile,Alero,GL4,Sedan,automatic,1g3nl52t31c160732,md,19,130805,red,gray,credit acceptance corp/vrs/southfield,1075,400,Tue Jun 02 2015 02:30:00 GMT-0700 (PDT)
2002,Oldsmobile,Alero,GL2,Sedan,automatic,1g3nl52ex2c215485,pa,2,176324,brown,brown,1 cochran of monroeville,675,450,Wed Apr 15 2015 05:00:00 GMT-0700 (PDT)
2003,Oldsmobile,Bravada,Base,SUV,automatic,1ghdt13s432102951,pa,2,148204,red,gray,west herr auto exchange inc,2500,2000,Wed Apr 15 2015 05:00:00 GMT-0700 (PDT)
2001,Oldsmobile,Alero,GL1,Sedan,automatic,1g3nl52t51c274280,pa,24,105843,silver,gray,fuller auto sales,775,1350,Wed May 20 2015 05:00:00 GMT-0700 (PDT)
2002,Oldsmobile,Aurora,3.5,Sedan,automatic,1g3gr64h624174853,pa,2,112699,beige,beige,1 cochran of monroeville,1525,1100,Wed Apr 01 2015 05:00:00 GMT-0700 (PDT)
2002,Oldsmobile,Silhouette,Premiere,Minivan,automatic,1ghdx13ex2d176134,pa,2,142088,brown,brown,spitzer toyota scion,1375,800,Wed Mar 25 2015 05:00:00 GMT-0700 (PDT)
1998,Oldsmobile,Intrigue,GL,Sedan,automatic,1g3ws52k2wf370517,oh,1,1,green,tan,select remarketing group llc/loan max title,1700,325,Tue Mar 24 2015 06:00:00 GMT-0700 (PDT)
2004,Oldsmobile,Alero,GL1,Sedan,automatic,1g3nl52f04c128612,nv,28,126017,gold,beige,hertz remarketing,950,900,Thu May 21 2015 05:00:00 GMT-0700 (PDT)
2001,Oldsmobile,Aurora,3.5,Sedan,automatic,1g3gr64h414108364,nc,19,162775,white,beige,primeritus remarketing/hjas,1450,800,Mon Mar 09 2015 02:30:00 GMT-0700 (PDT)
2004,Oldsmobile,Silhouette,GL,Minivan,automatic,1ghdx03e04d113010,il,19,98332,gold,beige,primeritus remarketing/green tree servici,2450,1700,Tue Mar 10 2015 03:00:00 GMT-0700 (PDT)
1998,Oldsmobile,Achieva,SL,Sedan,automatic,1g3nl52mxwm317652,pa,19,168961,green,black,hertz remarketing,325,500,Fri Mar 06 2015 01:00:00 GMT-0800 (PST)
2003,Oldsmobile,Alero,GL1,Sedan,automatic,1g3nl52f93c302272,co,19,125666,burgundy,gray,dt inventory,1675,300,Wed Mar 11 2015 04:45:00 GMT-0700 (PDT)
1998,Oldsmobile,Intrigue,Base,Sedan,automatic,1g3wh52k9wf338906,nc,38,151345,silver,gray,fleet lease remarketing,925,1100,Mon Mar 09 2015 02:30:00 GMT-0700 (PDT)
2004,Oldsmobile,Silhouette,GL,Minivan,automatic,1ghdx03e74d206056,az,19,122953,burgundy,beige,jpmorgan chase bank n.a.,1850,1700,Thu May 28 2015 05:00:00 GMT-0700 (PDT)
2002,Oldsmobile,Bravada,Base,suv,automatic,1ghdt13s322127046,tx,21,57827,gray,gray,tdaf remarketing,3225,3300,Wed Jun 03 2015 03:00:00 GMT-0700 (PDT)
2001,Oldsmobile,Aurora,3.5,Sedan,automatic,1g3gr64h514133905,md,25,93066,silver,silver,ideal buick gmc truck hyundai,1075,750,Tue May 26 2015 02:30:00 GMT-0700 (PDT)
2001,Oldsmobile,Intrigue,GX,Sedan,automatic,1g3wh52h71f237893,ca,34,103413,silver,gray,aaero sweet corporation,1150,1550,Wed May 27 2015 04:30:00 GMT-0700 (PDT)
1996,Oldsmobile,Eighty-Eight,Base,Sedan,automatic,1g3hn52k6t4854911,ca,3,162076,white,gray,purple heart services inc,750,250,Wed May 27 2015 08:10:00 GMT-0700 (PDT)
2002,Oldsmobile,Alero,GLS,Sedan,automatic,1g3nf52e02c191320,nj,1,84527,green,gray,purple heart services inc,1350,350,Thu May 28 2015 11:05:00 GMT-0700 (PDT)
2003,Oldsmobile,Alero,GL1,Coupe,automatic,1g3nl12f63c293667,tx,29,160021,silver,gray,automotive remarketing inc,1050,700,Thu May 28 2015 03:30:00 GMT-0700 (PDT)
2003,Oldsmobile,Alero,GL1,Coupe,automatic,1g3nl12f83c288275,ga,28,148952,burgundy,beige,wells fargo dealer services,1175,1000,Thu May 28 2015 03:00:00 GMT-0700 (PDT)
1993,Oldsmobile,Eighty-Eight Royale,Base,Sedan,automatic,1g3hn53l4ph344420,ut,1,199035,white,blue,eastern utah community credit union,150,250,Wed May 27 2015 06:00:00 GMT-0700 (PDT)
1999,Oldsmobile,Eighty-Eight,LS,Sedan,automatic,1g3hn52k0x4834157,ga,19,100955,blue,gray,crown nissan greenville,1100,900,Tue May 26 2015 06:00:00 GMT-0700 (PDT)
1998,Oldsmobile,Eighty-Eight,LS,Sedan,automatic,1g3hn52k3w4818100,nc,19,186696,gold,beige,dt inventory,750,700,Tue Feb 10 2015 01:30:00 GMT-0800 (PST)
2004,Oldsmobile,Silhouette,Premiere,Minivan,automatic,1ghdx13e34d156861,fl,35,165547,beige,tan,autonation toyota fort myers,1175,1400,Tue May 26 2015 10:30:00 GMT-0700 (PDT)
2004,Oldsmobile,Alero,GL1,Sedan,automatic,1g3nl52f94c180255,md,12,168215,silver,gray,darcars ford,325,225,Tue May 26 2015 06:00:00 GMT-0700 (PDT)
2002,Oldsmobile,Bravada,Base,SUV,automatic,1ghdt13s722388941,fl,19,159187,—,gray,dt inventory,1700,700,Tue May 26 2015 02:15:00 GMT-0700 (PDT)
2002,Oldsmobile,Aurora,3.5,Sedan,automatic,1g3gr64h224166992,fl,19,155523,white,gray,grieco nissan,1350,600,Thu May 21 2015 03:30:00 GMT-0700 (PDT)
1994,Oldsmobile,Cutlass Ciera,S,Sedan,automatic,1g3ag55m6r6303383,fl,2,110805,white,gray,mercedes benz of tampa,550,500,Thu May 21 2015 09:20:00 GMT-0700 (PDT)
1991,Oldsmobile,Cutlass Ciera,Base,Sedan,automatic,1g3al54n4m6345520,nc,1,170874,white,—,hendrick kia of cary,150,200,Mon May 25 2015 02:30:00 GMT-0700 (PDT)
2002,Oldsmobile,Aurora,3.5,Sedan,automatic,1g3gr64h824137139,tx,1,1,silver,gray,automotive remarketing inc,2375,350,Tue May 26 2015 04:00:00 GMT-0700 (PDT)
1994,Oldsmobile,Cutlass Supreme,S,Sedan,automatic,1g3wh55m8rd349828,fl,1,145649,gold,beige,courtesy kia of brandon,325,300,Thu May 21 2015 09:20:00 GMT-0700 (PDT)
1998,Oldsmobile,Cutlass,GL,Sedan,automatic,1g3nb52mxw6341831,nj,29,85118,green,beige,princeton chevrolet inc,725,1000,Wed Jan 14 2015 01:30:00 GMT-0800 (PST)
1998,Oldsmobile,Intrigue,GL,Sedan,automatic,1g3ws52k9wf367646,nc,2,191846,green,beige,dt inventory,175,350,Tue Jan 13 2015 08:30:00 GMT-0800 (PST)
2001,Oldsmobile,Intrigue,GX,Sedan,automatic,1g3wh52h21f231547,or,31,149421,silver,gray,weston buick gmc inc,550,700,Tue Jan 13 2015 12:30:00 GMT-0800 (PST)
2001,Oldsmobile,Aurora,4,Sedan,automatic,1g3gs64c214107867,fl,1,139583,white,tan,purple heart services inc,1050,350,Tue Jan 13 2015 09:15:00 GMT-0800 (PST)
2003,Oldsmobile,Alero,GL2,Coupe,automatic,1g3nl12e23c130926,mo,19,183188,silver,gray,motormax financial services,950,325,Mon Jan 12 2015 11:00:00 GMT-0800 (PST)
2000,Oldsmobile,Bravada,Base,SUV,automatic,1ghdt13w5y2319130,nc,27,89175,red,—,crossroads ford inc,1625,2500,Mon Feb 02 2015 01:00:00 GMT-0800 (PST)
2003,Oldsmobile,Alero,GL1,Coupe,automatic,1g3nl12e83c293029,ma,29,171017,silver,—,boch new to you superstore,625,600,Thu Jan 08 2015 18:30:00 GMT-0800 (PST)
2003,Oldsmobile,Alero,GL1,Sedan,automatic,1g3nl52e33c189362,fl,29,96245,blue,gray,automatch usa,1800,2200,Wed Jan 07 2015 08:40:00 GMT-0800 (PST)
2004,Oldsmobile,Alero,GL2,Sedan,automatic,1g3nl52e04c223162,oh,3,107610,silver,gray,car now acceptance co/columbus,1725,1900,Thu Jan 22 2015 01:00:00 GMT-0800 (PST)
1995,Oldsmobile,Eighty-Eight Royale,Base,Sedan,automatic,1g3hn52k6s4809255,fl,2,162698,gold,beige,coggin deland ford,500,800,Tue Jan 06 2015 18:00:00 GMT-0800 (PST)
2004,Oldsmobile,Alero,GL1,Sedan,automatic,1g3nl52f84c185057,tx,24,191052,silver,gray,dt inventory,1325,1200,Tue Jan 13 2015 11:00:00 GMT-0800 (PST)
2002,Oldsmobile,Intrigue,GLS,Sedan,automatic,1g3wx52hx2f173479,mo,19,177307,black,gray,dt inventory,850,525,Mon Jan 12 2015 11:00:00 GMT-0800 (PST)
1998,Oldsmobile,Eighty-Eight,LS,Sedan,automatic,1g3hn52k2w4816595,ma,23,172848,silver,gray,route 44 hyundai,875,400,Tue Jan 06 2015 02:00:00 GMT-0800 (PST)
1998,Oldsmobile,Bravada,Base,SUV,automatic,1ghdt13wxw2713638,ne,28,187285,brown,tan,teen challenge of the midlands inc,750,500,Thu Jan 22 2015 04:00:00 GMT-0800 (PST)
2000,Oldsmobile,Intrigue,GL,Sedan,automatic,1g3ws52h0yf200597,ne,38,101756,green,tan,performance toyota-scion of lavista,800,2250,Thu Jan 08 2015 03:00:00 GMT-0800 (PST)
2003,Oldsmobile,Bravada,Base,SUV,automatic,1ghdt13sx32353246,nc,19,192769,black,beige,ace motor acceptance corporation,1250,1700,Tue Jan 06 2015 01:15:00 GMT-0800 (PST)
1998,Oldsmobile,Bravada,Base,SUV,automatic,1ghdt13w8w2709717,tx,33,198010,green,brown,select remarketing group llc/midwest title loans,600,900,Thu Jan 08 2015 12:00:00 GMT-0800 (PST)
1997,Oldsmobile,Eighty-Eight,LS,Sedan,automatic,1g3hn52k5v4861125,ne,2,87801,burgundy,gray,mutual first fcu,775,1900,Wed Dec 31 2014 12:15:00 GMT-0800 (PST)
1999,Oldsmobile,Alero,GLS,Sedan,automatic,1g3nf52e7xc322430,wi,2,202874,green,gray,axcess financial,550,350,Wed Jan 14 2015 01:00:00 GMT-0800 (PST)
2002,Oldsmobile,Silhouette,Premiere,Minivan,automatic,1ghdx13e52d324318,wi,1,1,gray,gray,wilde honda,2075,325,Wed Jan 14 2015 02:30:00 GMT-0800 (PST)
2001,Oldsmobile,Alero,GLS,Sedan,automatic,1g3nf52ex1c225181,ne,19,144516,beige,tan,select remarketing group llc/loan max title,1100,875,Thu Jan 15 2015 04:30:00 GMT-0800 (PST)
2000,Oldsmobile,Alero,GL,Sedan,automatic,1g3nl52t2yc408060,ne,2,193113,silver,tan,purple heart services inc,525,400,Wed Jan 14 2015 02:00:00 GMT-0800 (PST)
2001,Oldsmobile,Alero,GLS,Sedan,automatic,1g3nf52e11c279128,ne,2,114901,black,gray,select remarketing group llc/loan max title,1325,425,Wed Jan 14 2015 02:00:00 GMT-0800 (PST)
1994,Oldsmobile,Cutlass Supreme,S,Sedan,automatic,1g3wh55m0rd358622,nc,1,173003,turquoise,blue,dt inventory,350,300,Tue Jan 13 2015 09:30:00 GMT-0800 (PST)
1998,Oldsmobile,Cutlass,GL,Sedan,automatic,1g3nb52m4w6339752,wa,2,1,black,gray,charitable adult rides services/car donating is,1100,350,Wed Jan 14 2015 04:30:00 GMT-0800 (PST)
1999,Oldsmobile,Eighty-Eight,LS,Sedan,automatic,1g3hn52k1x4805041,ga,21,327230,beige,gray,enterprise veh exchange/rental,450,350,Tue Jan 13 2015 13:10:00 GMT-0800 (PST)
1999,Oldsmobile,Aurora,Base,Sedan,automatic,1g3gr62cxx4107302,tx,1,245946,blue,tan,titlemax/san antonio tx26,50,400,Fri Jan 16 2015 02:00:00 GMT-0800 (PST)
2000,Oldsmobile,Alero,GLS,Coupe,automatic,1g3nf12e9yc360204,ca,35,116271,burgundy,beige,m l sim,1250,1500,Tue Jan 13 2015 12:30:00 GMT-0800 (PST)
2000,Oldsmobile,Bravada,Base,SUV,automatic,1ghdt13w5y2279289,ne,26,187298,green,gray,select remarketing group llc/loan max title,750,625,Thu Jan 15 2015 04:30:00 GMT-0800 (PST)
2001,Oldsmobile,Aurora,4,Sedan,automatic,1g3gs64c914172442,md,2,161966,brown,beige,purple heart services inc,950,300,Tue Jan 13 2015 12:00:00 GMT-0800 (PST)
2004,Oldsmobile,Alero,GL2,Sedan,automatic,1g3nl52ex4c192406,ut,27,224415,white,gray,remarketing by ge/america first credit union,250,400,Wed Jan 07 2015 11:30:00 GMT-0800 (PST)
2001,Oldsmobile,Intrigue,GX,Sedan,automatic,1g3wh52h31f142277,az,1,113130,white,gray,cash time title loans,800,500,Wed Jan 21 2015 03:00:00 GMT-0800 (PST)
2002,Oldsmobile,Alero,GL2,Coupe,automatic,1g3nl12e62c123153,nc,19,200461,white,gray,auto house of salisbury inc,575,600,Tue Mar 03 2015 02:00:00 GMT-0800 (PST)
2003,Oldsmobile,Bravada,Base,SUV,automatic,1ghdt13s032279352,oh,24,150513,gray,gray,dt inventory,2450,2500,Thu Jan 29 2015 01:00:00 GMT-0800 (PST)
2004,Oldsmobile,Alero,GL1,Sedan,automatic,1g3nl52f94c134439,ne,22,185378,white,tan,select remarketing group llc/loan max title,1400,750,Thu Jan 15 2015 04:30:00 GMT-0800 (PST)
1998,Oldsmobile,Intrigue,GL,Sedan,automatic,1g3ws52kxwf396430,nj,3,114983,black,gray,kull auto sales inc,450,600,Wed Jan 14 2015 01:30:00 GMT-0800 (PST)
2001,Oldsmobile,Alero,GL1,Sedan,automatic,1g3nl52t21c193821,fl,24,74951,red,gray,honda of fort myers,1625,1900,Tue Jan 13 2015 10:00:00 GMT-0800 (PST)
2002,Oldsmobile,Alero,GX,Sedan,automatic,1g3nk52f02c106321,tx,1,145719,silver,gray,clay cooley motor co,825,450,Tue Jan 13 2015 11:00:00 GMT-0800 (PST)
2004,Oldsmobile,Alero,GL2,Sedan,automatic,1g3nl52e34c209448,nc,2,203644,white,tan,town & country toyota scion,250,550,Tue Jan 13 2015 10:00:00 GMT-0800 (PST)
2002,Oldsmobile,Bravada,Base,SUV,automatic,1ghdt13s122173815,oh,25,150383,black,tan,halleen kia,1475,1900,Tue Jan 13 2015 09:30:00 GMT-0800 (PST)
2002,Oldsmobile,Aurora,3.5,Sedan,automatic,1g3gr64h624155543,nj,25,141900,gold,tan,lester glenn buick,1050,1100,Wed Jan 21 2015 01:30:00 GMT-0800 (PST)
2000,Oldsmobile,Alero,GX,Sedan,automatic,1g3nk52t2yc417067,fl,21,118073,red,gray,hertz remarketing,700,800,Thu Dec 18 2014 09:35:00 GMT-0800 (PST)
2000,Oldsmobile,Alero,GX,Sedan,automatic,1g3nk52t0yc382349,fl,19,72441,red,gray,leedom capital corporation/automaxx,900,1100,Wed Dec 17 2014 16:00:00 GMT-0800 (PST)
2000,Oldsmobile,Alero,GLS,Coupe,automatic,1g3nf12e3yc346489,nj,19,165794,gray,gray,lester glenn buick,1100,550,Wed Feb 11 2015 01:30:00 GMT-0800 (PST)
2001,Oldsmobile,Alero,GLS,Sedan,automatic,1g3nf52e01c192160,tx,15,246897,black,gray,automotive remarketing inc,300,500,Tue Dec 23 2014 10:10:00 GMT-0800 (PST)
2001,Oldsmobile,Aurora,3.5,Sedan,automatic,1g3gr62hx14102782,tx,36,111836,white,tan,pm standley motorcars,1750,2000,Wed Jan 07 2015 02:20:00 GMT-0800 (PST)
2001,Oldsmobile,Intrigue,GX,Sedan,automatic,1g3wh52h01f116199,az,26,104370,white,gray,honor finance corporation,1375,500,Thu Dec 18 2014 11:00:00 GMT-0800 (PST)
2001,Oldsmobile,Intrigue,GX,Sedan,automatic,1g3wh52h31f262810,pa,23,94153,beige,beige,fleet services inc,825,1200,Wed Jan 14 2015 01:30:00 GMT-0800 (PST)
2001,Oldsmobile,Aurora,3.5,Sedan,automatic,1g3gr62h914102871,fl,45,37024,white,gray,napleton's hyundai,1825,4400,Thu Dec 18 2014 10:15:00 GMT-0800 (PST)
2002,Oldsmobile,Silhouette,GLS,Minivan,automatic,1ghdx03e42d228433,nj,19,180749,silver,gray,lester glenn buick,1400,800,Wed Jan 28 2015 02:00:00 GMT-0800 (PST)
1998,Oldsmobile,Bravada,Base,SUV,automatic,1ghdt13wxw2710139,wa,19,180388,green,brown,northwest motorsport,725,600,Tue Dec 30 2014 13:00:00 GMT-0800 (PST)
2002,Oldsmobile,Silhouette,Premiere,Minivan,automatic,1ghdx13ex2d119772,nv,2,137182,beige,—,titlemax/las vegas nv32,1425,1050,Thu Dec 18 2014 11:00:00 GMT-0800 (PST)
2002,Oldsmobile,Alero,GL2,Coupe,automatic,1g3nl12e12c141026,nv,23,119180,blue,tan,smart finance,1175,950,Thu Jan 08 2015 12:00:00 GMT-0800 (PST)
2002,Oldsmobile,Alero,GL2,Sedan,automatic,1g3nl52e02c119462,va,22,102187,green,beige,jpmorgan chase bank n.a.,1075,900,Thu Dec 18 2014 09:20:00 GMT-0800 (PST)
2004,Oldsmobile,Alero,GL1,Sedan,automatic,1g3nl52f64c161419,in,19,151234,gold,tan,select remarketing group llc/loan max title,1550,500,Wed Jan 28 2015 05:15:00 GMT-0800 (PST)
2004,Oldsmobile,Alero,GL1,Sedan,automatic,1g3nl52fx4c156238,pa,19,158998,silver,gray,hertz remarketing,1650,700,Fri Jan 23 2015 01:00:00 GMT-0800 (PST)
2004,Oldsmobile,Alero,GL1,Sedan,automatic,1g3nl52e44c122559,ne,29,110170,white,tan,select remarketing group llc/loan max title,1600,1000,Thu Jan 15 2015 04:30:00 GMT-0800 (PST)
2002,Oldsmobile,Intrigue,GX,Sedan,automatic,1g3wh52h32f203032,ca,35,114764,gold,beige,aaero sweet company,1875,2150,Wed Dec 17 2014 11:30:00 GMT-0800 (PST)
1992,Oldsmobile,Cutlass Ciera,S,Sedan,automatic,1g3al54n0n6406766,ca,2,268325,white,blue,wondries toyota,325,200,Wed Feb 11 2015 04:30:00 GMT-0800 (PST)
2002,Oldsmobile,Intrigue,GX,Sedan,automatic,1g3wh52h62f111784,ca,2,200991,silver,gray,purple heart car donation,850,400,Tue Dec 16 2014 13:00:00 GMT-0800 (PST)
2001,Oldsmobile,Intrigue,GX,Sedan,automatic,1g3wh52h31f169477,ma,19,114032,beige,tan,metro ford,1200,425,Tue Dec 23 2014 10:00:00 GMT-0800 (PST)
1994,Oldsmobile,Cutlass Ciera,S,Sedan,automatic,1g3ag55m7r6317938,fl,1,100173,gray,gray,autonation chevrolet greenacres,500,400,Tue Jan 06 2015 18:00:00 GMT-0800 (PST)
1997,Oldsmobile,Cutlass,GLS,Sedan,automatic,1g3ng52m9v6312692,md,2,203863,green,beige,purple heart services inc,175,400,Tue Dec 30 2014 12:00:00 GMT-0800 (PST)
2000,Oldsmobile,Alero,GL,Sedan,automatic,1g3nl52t8yc324079,pa,1,127822,blue,beige,purple heart,825,550,Tue Dec 30 2014 13:01:00 GMT-0800 (PST)
2001,Oldsmobile,Silhouette,GLS,Minivan,automatic,1ghdx03e11d251554,az,2,126646,silver,gray,camelback finance co,575,1300,Tue Dec 30 2014 11:00:00 GMT-0800 (PST)
2001,Oldsmobile,Silhouette,GLS,Minivan,automatic,1ghdx03e01d320458,fl,28,170681,silver,gray,autonation ford sanford,350,1000,Tue Dec 30 2014 12:15:00 GMT-0800 (PST)
2002,Oldsmobile,Bravada,Base,SUV,automatic,1ghdt13s722144271,ca,35,94393,gray,gray,lobel financial corp,2200,1150,Tue Dec 30 2014 12:30:00 GMT-0800 (PST)
2002,Oldsmobile,Intrigue,GX,Sedan,automatic,1g3wh52h82f152921,oh,1,117649,beige,gray,select remarketing group llc/loan max title,1700,1200,Tue Dec 30 2014 12:00:00 GMT-0800 (PST)
1997,Oldsmobile,Eighty-Eight,LS,Sedan,automatic,1g3hn52k0v4864594,fl,19,117440,beige,tan,autonation ford jacksonville,750,400,Tue Dec 23 2014 12:15:00 GMT-0800 (PST)
1999,Oldsmobile,Aurora,Base,Sedan,automatic,1g3gr62c9x4107954,az,25,81403,beige,beige,earnhardt,1125,1200,Thu Jan 15 2015 03:00:00 GMT-0800 (PST)
2002,Oldsmobile,Aurora,3.5,Sedan,automatic,1g3gr64h224161193,fl,19,172705,gray,gray,courtesy chrysler jeep dodge,1100,1100,Thu Jan 15 2015 08:20:00 GMT-0800 (PST)
2001,Oldsmobile,Aurora,4,Sedan,automatic,1g3gs64c114115281,ma,19,124454,blue,tan,greenville auto sales & collision inc,1125,550,Tue Jan 20 2015 02:00:00 GMT-0800 (PST)
2001,Oldsmobile,Silhouette,GL,Minivan,automatic,1ghdx23e41d201811,ca,2,88535,red,gray,purple heart services inc,1550,300,Tue Dec 23 2014 16:30:00 GMT-0800 (PST)
2002,Oldsmobile,Aurora,3.5,Sedan,automatic,1g3gr64h624128326,ga,26,87951,silver,gray,nalley toyota of roswell,1800,2500,Tue Dec 23 2014 13:00:00 GMT-0800 (PST)
2002,Oldsmobile,Intrigue,GX,Sedan,automatic,1g3wh52h52f146073,fl,19,109571,brown,tan,autonation chevrolet greenacres,1850,1500,Tue Dec 23 2014 12:15:00 GMT-0800 (PST)
2003,Oldsmobile,Alero,GL1,Sedan,automatic,1g3nl52e83c178714,ca,27,87768,red,gray,aaero sweet company,1825,1000,Tue Dec 23 2014 12:00:00 GMT-0800 (PST)
2004,Oldsmobile,Alero,GL2,Sedan,automatic,1g3nl52e04c122803,tx,34,1,silver,gray,onemain remarketing services,3050,650,Tue Dec 23 2014 10:10:00 GMT-0800 (PST)
2004,Oldsmobile,Alero,GL1,Sedan,automatic,1g3nl52e54c147177,ga,27,155862,white,gray,gwinnett place honda,1100,1200,Tue Dec 23 2014 13:00:00 GMT-0800 (PST)
1996,Oldsmobile,Cutlass Supreme,SL,Coupe,automatic,1g3wh12m6tf347861,tx,1,1,white,gray,axcess financial,1200,300,Wed Jan 07 2015 12:30:00 GMT-0800 (PST)
2001,Oldsmobile,Intrigue,GL,Sedan,automatic,1g3ws52h41f178447,md,26,54463,gold,gray,jim coleman toyota inc,1375,1600,Tue Jan 13 2015 09:30:00 GMT-0800 (PST)
1998,Oldsmobile,Cutlass,GLS,Sedan,automatic,1g3ng52mxw6344648,ne,2,124240,white,tan,car donation headquarters auction llc,350,300,Wed Jan 28 2015 02:00:00 GMT-0800 (PST)
2001,Oldsmobile,Aurora,3.5,Sedan,automatic,1g3gr62h014104878,mi,26,141154,black,gray,platinum motor cars,1300,950,Thu Feb 05 2015 01:30:00 GMT-0800 (PST)
2001,Oldsmobile,Intrigue,GX,Sedan,automatic,1g3wh52h31f162254,nj,25,112915,gray,beige,holman ford lincoln,1050,900,Wed Feb 04 2015 01:30:00 GMT-0800 (PST)
2002,Oldsmobile,Alero,GL2,Sedan,automatic,1g3nl52e02c119462,nc,3,102244,green,gray,bens automotive center inc,1650,900,Mon Feb 16 2015 00:31:00 GMT-0800 (PST)
2002,Oldsmobile,Bravada,Base,SUV,automatic,1ghdt13s922109179,fl,21,168649,red,gray,repo remarketing / financial plus credit union,1900,800,Wed Feb 25 2015 01:05:00 GMT-0800 (PST)
2002,Oldsmobile,Alero,GL2,Sedan,automatic,1g3nl52e42c165232,or,32,141184,red,tan,affordable transportion co,1075,850,Tue Feb 03 2015 03:31:00 GMT-0800 (PST)
2002,Oldsmobile,Alero,GX,Sedan,automatic,1g3nk52f02c168978,az,29,133233,blue,gray,camelback finance co,775,850,Thu Feb 05 2015 03:00:00 GMT-0800 (PST)
2002,Oldsmobile,Alero,GL1,Sedan,automatic,1g3nl52f52c225155,mo,23,167323,silver,gray,the hertz corporation,1200,1200,Tue Feb 03 2015 03:00:00 GMT-0800 (PST)
2003,Oldsmobile,Alero,GL1,Sedan,automatic,1g3nl52e53c223351,mo,19,131328,silver,gray,dt credit corporation,1300,725,Mon Feb 02 2015 03:00:00 GMT-0800 (PST)
2004,Oldsmobile,Silhouette,GL,Minivan,automatic,1ghdx03e94d155109,ga,19,170068,silver,gray,automobile acceptance corp,650,1300,Thu Feb 05 2015 02:00:00 GMT-0800 (PST)
2001,Oldsmobile,Bravada,Base,SUV,automatic,1ghdt13w612147776,nc,2,135568,black,gray,primeritus remarketing/atlas,2200,1500,Mon Feb 09 2015 01:30:00 GMT-0800 (PST)
2000,Oldsmobile,Bravada,Base,SUV,automatic,1ghdt13w2y2130208,ne,2,182001,burgundy,gray,performance ford,875,425,Wed Jan 28 2015 02:00:00 GMT-0800 (PST)
1998,Oldsmobile,Intrigue,GL,Sedan,automatic,1g3ws52k9wf337322,in,2,131935,silver,gray,select remarketing group llc/loan max title,750,375,Wed Jan 28 2015 05:15:00 GMT-0800 (PST)
1998,Oldsmobile,Cutlass,GL,Sedan,automatic,1g3nb52m6w6302170,tx,19,235445,gold,gray,mei finance,200,400,Thu Jan 29 2015 03:00:00 GMT-0800 (PST)
1998,Oldsmobile,Intrigue,Base,Sedan,automatic,1g3wh52k5wf304980,tx,2,1,black,tan,titlemax/windcrest tx1,1650,300,Wed Feb 04 2015 04:30:00 GMT-0800 (PST)
1999,Oldsmobile,Alero,GLS,Sedan,automatic,1g3nf52e7xc375936,ca,29,134914,silver,beige,cabe toyota,925,700,Wed Feb 04 2015 04:30:00 GMT-0800 (PST)
2001,Oldsmobile,Aurora,3.5,Sedan,automatic,1g3gr64h714115681,oh,2,154046,silver,gray,titlemax/whitehall oh1,1150,325,Tue Jan 27 2015 05:00:00 GMT-0800 (PST)
2001,Oldsmobile,Aurora,3.5,Sedan,automatic,1g3gr64h914232713,ca,39,120275,white,gray,jb motor cars,1500,1700,Tue Feb 03 2015 04:30:00 GMT-0800 (PST)
2001,Oldsmobile,Aurora,3.5,Sedan,automatic,1g3gr64h014119152,nc,19,141836,white,tan,hendrick honda hickory,1250,1950,Wed Jan 28 2015 06:30:00 GMT-0800 (PST)
2003,Oldsmobile,Alero,GLS,Sedan,automatic,1g3nf52e03c174115,pa,25,127809,silver,gray,cja finance inc,1275,700,Fri Jan 30 2015 01:00:00 GMT-0800 (PST)
2002,Oldsmobile,Alero,GL2,Sedan,automatic,1g3nl52e22c102310,tx,26,138888,white,—,select remarketing group llc/midwest title loans,1000,300,Thu Feb 05 2015 04:00:00 GMT-0800 (PST)
2000,Oldsmobile,Intrigue,GL,Sedan,automatic,1g3ws52h8yf128290,nv,2,102911,burgundy,—,money tree,1050,900,Thu Feb 05 2015 03:00:00 GMT-0800 (PST)
2000,Oldsmobile,Bravada,Base,SUV,automatic,1ghdt13w1y2151017,oh,1,141594,brown,tan,credit acceptance corp/vrs/southfield,1375,700,Tue Feb 10 2015 04:00:00 GMT-0800 (PST)
2001,Oldsmobile,Intrigue,GX,Sedan,automatic,1g3wh52h91f119568,oh,3,172964,silver,gray,credit acceptance corp/vrs/southfield,750,900,Tue Feb 10 2015 04:00:00 GMT-0800 (PST)
2004,Oldsmobile,Alero,GL1,Sedan,automatic,1g3nl52f04c105363,oh,2,1,white,tan,select remarketing group llc/loan max title,2750,600,Tue Feb 10 2015 05:00:00 GMT-0800 (PST)
2004,Oldsmobile,Alero,GL1,Sedan,automatic,1g3nl52f94c111274,oh,19,155198,silver,gray,credit acceptance corp/vrs/southfield,1150,1250,Tue Feb 10 2015 04:00:00 GMT-0800 (PST)
1999,Oldsmobile,Alero,GL,Sedan,automatic,1g3nl52t6xc313158,va,2,139716,brown,beige,prince frederick chrysler jeep dodge inc,600,600,Thu Feb 05 2015 01:35:00 GMT-0800 (PST)
1999,Oldsmobile,Alero,GL,Sedan,automatic,1g3nl52t5xc345518,ca,19,171356,purple,gray,onemain rem/sams auto sales,675,600,Thu Feb 26 2015 04:30:00 GMT-0800 (PST)
2000,Oldsmobile,Intrigue,GL,Sedan,automatic,1g3ws52h5yf195705,nv,2,173812,white,—,titlemax/las vegas nv19,675,350,Thu Feb 05 2015 03:00:00 GMT-0800 (PST)
2001,Oldsmobile,Silhouette,GLS,Minivan,automatic,1ghdx03e51d236975,ca,21,58308,gray,gray,lucky imports,1825,2200,Wed Feb 04 2015 04:30:00 GMT-0800 (PST)
1998,Oldsmobile,Intrigue,Base,Sedan,automatic,1g3wh52k8wf374294,oh,21,153247,white,gray,dt inventory,700,350,Thu Jan 29 2015 01:00:00 GMT-0800 (PST)
2003,Oldsmobile,Silhouette,GLS,Minivan,automatic,1ghdx03e93d255578,oh,19,139516,white,beige,credit acceptance corp/vrs/southfield,1575,600,Thu Feb 19 2015 01:00:00 GMT-0800 (PST)
1998,Oldsmobile,Bravada,Base,SUV,automatic,1ghdt13w5w2730444,ca,25,62037,green,beige,billion dodge chrysler jeep,1600,1500,Wed Feb 04 2015 04:30:00 GMT-0800 (PST)
1999,Oldsmobile,Alero,GLS,Sedan,automatic,1g3nf52e3xc355330,nj,19,95281,black,tan,lester glenn buick,1175,800,Wed Feb 04 2015 01:30:00 GMT-0800 (PST)
1999,Oldsmobile,Intrigue,GX,Sedan,automatic,1g3wh52k8xf323668,nc,19,170786,green,gray,dt inventory,750,450,Tue Feb 03 2015 01:30:00 GMT-0800 (PST)
2000,Oldsmobile,Intrigue,GX,Sedan,automatic,1g3wh52h6yf130750,pa,3,157620,beige,beige,purple heart,800,900,Tue Feb 03 2015 05:01:00 GMT-0800 (PST)
2000,Oldsmobile,Bravada,Base,SUV,automatic,1ghdt13w8y2270179,mn,27,140194,white,gray,rudy luther toyota,1325,1650,Wed Feb 04 2015 02:30:00 GMT-0800 (PST)
2000,Oldsmobile,Intrigue,GX,Sedan,automatic,1g3wh52h6yf138153,fl,19,110405,brown,beige,coggin honda of ft pierce,1100,900,Tue Feb 03 2015 10:00:00 GMT-0800 (PST)
2001,Oldsmobile,Silhouette,GLS,Minivan,automatic,1ghdx03ex1d141795,tx,2,150596,blue,gray,automotive remarketing inc,750,300,Tue Feb 03 2015 03:00:00 GMT-0800 (PST)
2001,Oldsmobile,Intrigue,GL,Sedan,automatic,1g3ws52h91f172840,nc,21,163811,silver,gray,atlantic coast remarketing inc/labi,725,700,Mon Feb 02 2015 01:30:00 GMT-0800 (PST)
2003,Oldsmobile,Alero,GL1,Sedan,automatic,1g3nl52f13c254301,ga,19,126203,gold,tan,hennessy mazda buick gmc,1650,3100,Tue Jan 20 2015 04:30:00 GMT-0800 (PST)
2002,Oldsmobile,Bravada,Base,SUV,automatic,1ghdt13s022189696,nc,19,169364,silver,gray,hendrick honda hickory,1575,2300,Wed Jan 21 2015 06:30:00 GMT-0800 (PST)
1999,Oldsmobile,Bravada,Base,SUV,automatic,1ghdt13w1x2712380,wa,1,176716,silver,beige,volunteers of america western washington,800,350,Wed Jan 21 2015 04:30:00 GMT-0800 (PST)
1999,Oldsmobile,Intrigue,GL,Sedan,automatic,1g3ws52k9xf340772,oh,19,188787,white,gray,dt inventory,425,750,Thu Jan 22 2015 01:00:00 GMT-0800 (PST)
2001,Oldsmobile,Aurora,4,Sedan,automatic,1g3gs64c914111267,oh,19,184882,white,gray,dt inventory,750,700,Thu Jan 22 2015 01:00:00 GMT-0800 (PST)
2003,Oldsmobile,Alero,GL1,Sedan,automatic,1g3nl52fx3c270335,ca,36,86130,gold,beige,wholesale enterprise inc,2200,3700,Tue Jan 20 2015 04:30:00 GMT-0800 (PST)
2004,Oldsmobile,Silhouette,GLS,Minivan,automatic,1ghdx03e04d173921,nv,2,146984,silver,—,titlebucks/las vegas nv3,1075,650,Thu Jan 22 2015 03:00:00 GMT-0800 (PST)
1999,Oldsmobile,Cutlass,GL,Sedan,automatic,1g3nb52j3x6314266,fl,19,185231,white,gray,autonation chevrolet pembroke pines,250,350,Tue Jan 20 2015 10:00:00 GMT-0800 (PST)
1999,Oldsmobile,Bravada,Base,SUV,automatic,1ghdt13w4x2700157,oh,1,189362,black,tan,honda marysville,775,450,Tue Jan 20 2015 05:00:00 GMT-0800 (PST)
2002,Oldsmobile,Silhouette,Premiere,Minivan,automatic,1ghdx13ex2d220133,ca,2,158485,white,gray,800 loan mart,1125,400,Thu Feb 05 2015 04:00:00 GMT-0800 (PST)
2004,Oldsmobile,Alero,GL1,Sedan,automatic,1g3nl52f24c179934,ma,2,103465,silver,gray,clay chevrolet hyundai,1875,300,Tue Feb 03 2015 02:00:00 GMT-0800 (PST)
2000,Oldsmobile,Alero,GL,Sedan,automatic,1g3nl52t2yc353299,nc,19,243291,silver,beige,boyd chev buick gmc of emporia va  inc,300,400,Mon Jan 19 2015 01:00:00 GMT-0800 (PST)
2002,Oldsmobile,Bravada,Base,SUV,automatic,1ghdt13sx22163638,oh,1,129333,red,tan,select remarketing group llc/loan max title,1875,1100,Tue Jan 20 2015 04:00:00 GMT-0800 (PST)
2001,Oldsmobile,Alero,GLS,Sedan,automatic,1g3nf52e91c136895,nv,2,156281,blue,—,automotive remarketing inc,975,750,Thu Jan 22 2015 03:00:00 GMT-0800 (PST)
2001,Oldsmobile,Silhouette,Premiere,Minivan,automatic,1ghdx13e71d190331,az,29,85636,silver,gray,honor finance corporation,1200,2300,Tue Jan 20 2015 03:00:00 GMT-0800 (PST)
2003,Oldsmobile,Alero,GL1,Sedan,automatic,1g3nl52e83c148497,md,2,108283,silver,gray,autonation chevrolet security blvd,1475,1300,Tue Jan 20 2015 01:30:00 GMT-0800 (PST)
2003,Oldsmobile,Silhouette,GLS,Minivan,automatic,1ghdx03e43d267265,ca,1,194837,silver,gray,charitable auto resource,650,500,Tue Jan 27 2015 04:00:00 GMT-0800 (PST)
2003,Oldsmobile,Alero,GL1,Sedan,automatic,1g3nl52f43c187709,ca,3,1,gold,gray,charitable auto resource,2800,600,Tue Jan 27 2015 04:00:00 GMT-0800 (PST)
2004,Oldsmobile,Alero,GL1,Sedan,automatic,1g3nl52e14c118646,oh,26,116443,silver,gray,cnac corporate office/columbus,1450,2600,Tue Jan 20 2015 04:00:00 GMT-0800 (PST)
1998,Oldsmobile,Intrigue,GL,Sedan,automatic,1g3ws52k4wf358224,ga,27,149124,green,tan,nalley kia,325,1000,Tue Jan 20 2015 05:00:00 GMT-0800 (PST)
2003,Oldsmobile,Alero,GL1,Sedan,automatic,1g3nl52ex3c220350,ga,3,139980,white,beige,nalley hyundai,1300,1300,Tue Jan 27 2015 05:00:00 GMT-0800 (PST)
1999,Oldsmobile,Aurora,Base,Sedan,automatic,1g3gr62c3x4117475,oh,2,193412,beige,beige,dt inventory,375,300,Thu Feb 05 2015 01:00:00 GMT-0800 (PST)
2001,Oldsmobile,Bravada,Base,SUV,automatic,1ghdt13wx12104588,fl,21,154465,beige,gray,coggin honda of orlando,1325,1000,Tue Feb 10 2015 10:00:00 GMT-0800 (PST)
1998,Oldsmobile,Eighty-Eight,LS,Sedan,automatic,1g3hn52k2w4832568,oh,45,100863,gold,tan,tanskys sawmill toyota inc,925,1700,Tue Feb 03 2015 01:30:00 GMT-0800 (PST)
1998,Oldsmobile,Bravada,Base,SUV,automatic,1ghdt13w0w2702664,md,36,242272,red,tan,annapolis volvo subaru,375,500,Tue Feb 10 2015 01:30:00 GMT-0800 (PST)
2002,Oldsmobile,Alero,GL1,Sedan,automatic,1g3nl52f62c162597,oh,27,141320,brown,tan,pat o'brien chevrolet west,1500,1050,Tue Jan 27 2015 01:30:00 GMT-0800 (PST)
2004,Oldsmobile,Alero,GL1,Sedan,automatic,1g3nl52e04c123708,nj,32,70953,gray,gray,ht automotive llc,2250,2050,Wed Jan 28 2015 02:00:00 GMT-0800 (PST)
2002,Oldsmobile,Aurora,3.5,Sedan,automatic,1g3gr64hx24130452,oh,34,214773,silver,gray,mid ohio auto sales llc,575,400,Tue Jan 27 2015 01:30:00 GMT-0800 (PST)
2001,Oldsmobile,Alero,GL1,Sedan,automatic,1g3nl52t61c141947,ga,19,194318,white,gray,nalley hyundai,275,700,Tue Jan 27 2015 05:00:00 GMT-0800 (PST)
2001,Oldsmobile,Alero,GLS,Sedan,automatic,1g3nf52e91c113214,md,19,165341,gold,tan,credit acceptance corp/vrs/southfield,925,1200,Tue Feb 10 2015 01:30:00 GMT-0800 (PST)
2003,Oldsmobile,Alero,GL1,Sedan,automatic,1g3nl52f73c288579,ca,19,134170,blue,gray,800 loan mart,1325,500,Thu Dec 18 2014 12:00:00 GMT-0800 (PST)
2003,Oldsmobile,Alero,GL1,Sedan,automatic,1g3nl52e23c244139,nc,19,106328,gold,brown,dt inventory,1575,500,Tue Jan 27 2015 01:30:00 GMT-0800 (PST)
1996,Oldsmobile,Eighty-Eight,LS,Sedan,automatic,1g3hn52k8t4835308,wa,2,184993,blue,blue,chevrolet cadillac of bellingham,550,550,Wed Jan 21 2015 04:30:00 GMT-0800 (PST)
2003,Oldsmobile,Alero,GL1,Sedan,automatic,1g3nl52f63c284328,va,21,111849,green,gray,credit acceptance corp/vrs/southfield,1975,1600,Wed Feb 11 2015 01:30:00 GMT-0800 (PST)
2001,Oldsmobile,Alero,GL1,Sedan,automatic,1g3nl52t61c244110,ga,21,172579,burgundy,gray,enterprise leasing co. of georgia,600,500,Tue Jan 20 2015 05:10:00 GMT-0800 (PST)
2001,Oldsmobile,Bravada,Base,SUV,automatic,1ghdt13w912169562,pa,33,138725,beige,tan,preston motors inc,1825,1400,Wed Jan 21 2015 01:00:00 GMT-0800 (PST)
1998,Oldsmobile,Bravada,Base,SUV,automatic,1ghdt13w9w2717826,oh,25,93582,brown,brown,pat obrien chevrolet buick norwalk,1350,1350,Tue Feb 03 2015 01:30:00 GMT-0800 (PST)
2000,Oldsmobile,Alero,GL,Sedan,automatic,1g3nl52txyc417783,ca,42,96522,green,beige,wholesale enterprise inc,925,3050,Tue Jan 20 2015 04:30:00 GMT-0800 (PST)
2001,Oldsmobile,Aurora,4,Sedan,automatic,1g3gs64c514114456,nj,32,158357,silver,gray,xtreme auto wholesale inc,800,600,Wed Jan 28 2015 01:30:00 GMT-0800 (PST)
