Year,Make,Model,Trim,Body,Transmission,VIN,State,Condition,Odometer,Color,Interior,Seller,MMR,SellingPrice,SaleDate
2014,smart,fortwo,electric drive coupe,Hatchback,automatic,wmeej9aa6ek785930,ca,48,4171,white,gray,mercedes-benz financial services,9700,10000,Wed May 27 2015 05:30:00 GMT-0700 (PDT)
2012,smart,fortwo,passion coupe,Hatchback,automatic,wmeej3ba7ck566872,fl,37,39429,silver,black,mercedes-benz financial services,5050,4900,Tue May 26 2015 02:30:00 GMT-0700 (PDT)
2012,smart,fortwo,passion coupe,Hatchback,automatic,wmeej3ba8ck578643,fl,42,38088,white,black,mercedes-benz financial services,5100,5200,Tue May 26 2015 02:30:00 GMT-0700 (PDT)
2012,smart,fortwo,passion coupe,Hatchback,automatic,wmeej3ba8ck566900,fl,41,10245,white,black,mercedes-benz financial services,6325,6100,Tue May 26 2015 02:30:00 GMT-0700 (PDT)
2013,smart,fortwo,pure coupe,Hatchback,automatic,wmeej3ba5dk630361,fl,37,18445,silver,black,mercedes-benz financial services,5925,5700,Tue May 26 2015 02:30:00 GMT-0700 (PDT)
2013,smart,fortwo,pure coupe,Hatchback,automatic,wmeej3ba0dk595485,fl,37,45974,—,red,mercedes-benz financial services,4475,5100,Tue May 26 2015 02:30:00 GMT-0700 (PDT)
2014,smart,fortwo,passion coupe,Hatchback,automatic,wmeej3ba2ek781191,pa,41,11399,white,black,mercedes-benz financial services,7875,7500,Thu May 28 2015 02:00:00 GMT-0700 (PDT)
2012,smart,fortwo,passion coupe,Hatchback,automatic,wmeej3ba1ck571288,nj,33,23341,black,black,mercedes-benz financial services,5600,5500,Wed Jun 03 2015 02:30:00 GMT-0700 (PDT)
2013,smart,fortwo,pure coupe,Hatchback,automatic,wmeej3ba8dk634369,fl,44,18863,red,gray,lokey motor company,6075,6500,Thu May 21 2015 02:50:00 GMT-0700 (PDT)
2014,smart,fortwo,passion coupe,Hatchback,automatic,wmeej3ba3ek770085,ga,46,12486,white,black,mercedes-benz financial services,7950,7500,Wed May 27 2015 03:00:00 GMT-0700 (PDT)
2013,smart,fortwo,pure coupe,Hatchback,automatic,wmeej3ba7dk627011,ca,43,30647,black,black,mercedes-benz finc wholesale advantage,5350,6000,Thu Jun 04 2015 05:30:00 GMT-0700 (PDT)
2012,smart,fortwo,passion coupe,Hatchback,automatic,wmeej3ba0ck524754,fl,36,34558,silver,black,mercedes-benz financial services,5250,5100,Tue May 26 2015 02:30:00 GMT-0700 (PDT)
2012,smart,fortwo,passion coupe,Hatchback,automatic,wmeej3ba2ck571431,ga,4,36874,white,black,mercedes-benz financial services,5075,5250,Wed May 27 2015 03:00:00 GMT-0700 (PDT)
2012,smart,fortwo,passion coupe,Hatchback,automatic,wmeej3ba6ck568712,ga,44,22298,red,black,mercedes-benz financial services,5775,4750,Wed May 27 2015 03:00:00 GMT-0700 (PDT)
2012,smart,fortwo,passion coupe,Hatchback,automatic,wmeej3ba5ck570399,fl,43,23574,blue,black,mercedes-benz financial services,5925,5700,Thu May 21 2015 02:30:00 GMT-0700 (PDT)
2013,smart,fortwo,pure coupe,Hatchback,automatic,wmeej3ba9dk600599,fl,45,22201,white,black,mercedes-benz financial services,5900,5700,Thu May 21 2015 02:30:00 GMT-0700 (PDT)
2008,smart,fortwo,passion cabrio,Convertible,automatic,wmeek31x78k178406,ca,42,62884,blue,black,honda of pasadena,4675,4800,Tue May 26 2015 05:30:00 GMT-0700 (PDT)
2014,smart,fortwo,electric drive coupe,Hatchback,automatic,wmeej9aa2ek777808,ca,5,5551,white,tan,mercedes-benz financial services,9625,10000,Thu May 21 2015 05:30:00 GMT-0700 (PDT)
2012,smart,fortwo,passion coupe,Hatchback,automatic,wmeej3ba9ck582040,ca,48,18625,silver,black,mercedes-benz financial services,6150,6000,Thu May 21 2015 05:30:00 GMT-0700 (PDT)
2012,smart,fortwo,passion coupe,Hatchback,automatic,wmeej3ba7ck543611,ca,42,19829,green,black,mercedes-benz financial services,6100,6250,Thu May 21 2015 05:30:00 GMT-0700 (PDT)
2012,smart,fortwo,passion coupe,Hatchback,automatic,wmeej3ba8ck570834,ca,41,26338,blue,black,mercedes-benz financial services,5425,5500,Thu Jun 04 2015 05:30:00 GMT-0700 (PDT)
2013,smart,fortwo,passion cabriolet,Convertible,automatic,wmeek3ba6dk612562,ca,45,43634,black,black,mercedes-benz financial services,7275,7000,Thu May 21 2015 05:30:00 GMT-0700 (PDT)
2012,smart,fortwo,passion coupe,hatchback,automatic,wmeej3ba6ck555040,fl,43,20274,silver,black,mercedes-benz financial services,5750,6400,Tue Jun 02 2015 04:00:00 GMT-0700 (PDT)
2012,smart,fortwo,passion coupe,hatchback,automatic,wmeej3ba1ck564986,ca,45,11183,blue,black,mercedes-benz financial services,6125,6500,Thu Jun 04 2015 05:30:00 GMT-0700 (PDT)
2013,smart,fortwo,pure coupe,hatchback,automatic,wmeej3ba3dk593049,ca,39,28820,black,black,mercedes-benz financial services,5450,5250,Thu Jun 04 2015 05:30:00 GMT-0700 (PDT)
2011,smart,fortwo,passion coupe,hatchback,automatic,wmeej3ba2bk423102,pr,32,53777,black,black,scotiabank de puerto rico,4675,6700,Thu Jun 04 2015 05:00:00 GMT-0700 (PDT)
2012,smart,fortwo,passion coupe,hatchback,automatic,wmeej3ba2ck564883,wi,4,21638,black,black,mercedes-benz financial services,5675,6000,Wed Jun 03 2015 03:00:00 GMT-0700 (PDT)
2012,smart,fortwo,passion coupe,hatchback,automatic,wmeej3ba0ck572058,wi,44,30868,black,black,mercedes-benz financial services,5275,5750,Wed Jun 03 2015 03:00:00 GMT-0700 (PDT)
2012,smart,fortwo,passion coupe,hatchback,automatic,wmeej3ba3ck556890,wi,48,6071,blue,black,mercedes-benz financial services,6375,7000,Wed Jun 03 2015 03:00:00 GMT-0700 (PDT)
2012,smart,fortwo,passion coupe,hatchback,automatic,wmeej3ba5ck581421,wi,46,26521,red,black,mercedes-benz financial services,5475,5750,Wed Jun 03 2015 03:00:00 GMT-0700 (PDT)
2012,smart,fortwo,passion coupe,hatchback,automatic,wmeej3ba8ck549756,wi,45,14902,gray,black,mercedes-benz financial services,5975,6750,Wed Jun 03 2015 03:00:00 GMT-0700 (PDT)
2012,smart,fortwo,passion coupe,hatchback,automatic,wmeej3baxck578790,wi,34,29199,red,gray,mercedes-benz financial services,5350,5500,Wed Jun 03 2015 03:00:00 GMT-0700 (PDT)
2010,smart,fortwo,passion coupe,hatchback,automatic,wmeej3ba1ak363974,fl,49,43056,yellow,black,blueslade motor cars llc,5125,5200,Thu May 28 2015 02:40:00 GMT-0700 (PDT)
2013,smart,fortwo,pure coupe,Hatchback,automatic,wmeej3ba9dk595100,ca,46,1444,gray,red,mercedes-benz financial services,6875,7250,Thu May 21 2015 05:30:00 GMT-0700 (PDT)
2012,smart,fortwo,passion coupe,hatchback,automatic,wmeej3ba9ck567294,fl,43,2823,black,black,mercedes-benz financial services,6550,6700,Tue Jun 02 2015 04:00:00 GMT-0700 (PDT)
2012,smart,fortwo,passion coupe,hatchback,automatic,wmeej3ba2ck571770,fl,41,12908,blue,gray,mercedes-benz financial services,6100,6200,Tue Jun 02 2015 04:00:00 GMT-0700 (PDT)
2012,smart,fortwo,passion coupe,hatchback,automatic,wmeej3ba2ck555701,nj,29,10299,silver,black,mercedes-benz financial services,6200,5700,Wed Jun 03 2015 02:30:00 GMT-0700 (PDT)
2012,smart,fortwo,passion cabriolet,convertible,automatic,wmeek3ba4ck534300,tx,43,20404,red,black,hopper motorplex inc,8675,8000,Fri Jun 05 2015 04:00:00 GMT-0700 (PDT)
2008,smart,fortwo,passion cabrio,convertible,automatic,wmeek31x68k145297,nc,23,63815,black,black,north state acceptance,4475,3700,Mon Jun 01 2015 02:30:00 GMT-0700 (PDT)
2009,smart,fortwo,BRABUS coupe,hatchback,automatic,wmeej31xx9k212214,tx,37,83266,silver,black,lawler motor sports inc,3575,4500,Wed Jun 03 2015 03:20:00 GMT-0700 (PDT)
2009,smart,fortwo,BRABUS coupe,hatchback,automatic,wmeej31x79k235045,fl,38,20265,white,red,car drop,5075,5100,Thu May 28 2015 03:20:00 GMT-0700 (PDT)
2012,smart,fortwo,passion coupe,hatchback,automatic,wmeej3ba8ck554634,fl,36,31692,silver,black,mercedes-benz financial services,5325,5900,Thu May 28 2015 02:30:00 GMT-0700 (PDT)
2014,smart,fortwo,electric drive coupe,Hatchback,automatic,wmeej9aa0ek734374,ca,5,861,black,black,mercedes-benz financial services,9800,10000,Wed May 27 2015 05:30:00 GMT-0700 (PDT)
2012,smart,fortwo,passion coupe,Hatchback,automatic,wmeej3ba7ck570761,ca,34,21843,black,black,mercedes-benz financial services,5800,5750,Wed May 27 2015 05:30:00 GMT-0700 (PDT)
2012,smart,fortwo,passion coupe,Hatchback,automatic,wmeej3ba5ck564277,ca,48,25152,black,black,mercedes-benz financial services,5500,5500,Thu Jun 04 2015 05:30:00 GMT-0700 (PDT)
2012,smart,fortwo,passion coupe,Hatchback,automatic,wmeej3ba0ck570746,ca,46,10160,white,black,mercedes-benz financial services,6550,5500,Thu May 21 2015 05:30:00 GMT-0700 (PDT)
2013,smart,fortwo,pure coupe,Hatchback,automatic,wmeej3ba2dk631998,ca,47,18138,blue,black,mercedes-benz financial services,6100,5750,Thu May 21 2015 05:30:00 GMT-0700 (PDT)
2009,smart,fortwo,BRABUS cabriolet,Convertible,automatic,wmeek31x09k280390,fl,41,57736,silver,black,remarketing by ge/dade county fcu,5100,4800,Fri May 22 2015 02:15:00 GMT-0700 (PDT)
2012,smart,fortwo,passion coupe,Hatchback,automatic,wmeej3ba2ck568402,ga,43,29180,white,black,mercedes-benz financial services,5450,5250,Wed May 27 2015 03:00:00 GMT-0700 (PDT)
2012,smart,fortwo,passion coupe,Hatchback,automatic,wmeej3baxck562475,fl,42,29261,black,black,mercedes-benz financial services,5350,5000,Tue Jun 02 2015 04:00:00 GMT-0700 (PDT)
2008,smart,fortwo,passion cabrio,Convertible,automatic,wmeek31x08k126387,fl,35,88438,red,gray,sullivan auto group llc,3825,4200,Thu May 21 2015 02:35:00 GMT-0700 (PDT)
2012,smart,fortwo,passion coupe,Hatchback,automatic,wmeej3ba9ck571846,ga,48,14350,white,black,mercedes-benz financial services,6150,6000,Wed May 27 2015 03:00:00 GMT-0700 (PDT)
2012,smart,fortwo,passion coupe,Hatchback,automatic,wmeej3ba4ck557689,ca,41,25328,silver,black,mercedes-benz financial services,5625,5750,Wed May 27 2015 05:30:00 GMT-0700 (PDT)
2012,smart,fortwo,passion coupe,Hatchback,automatic,wmeej3ba7ck528641,ca,48,33734,silver,black,mercedes-benz financial services,5225,5500,Wed May 27 2015 05:30:00 GMT-0700 (PDT)
2012,smart,fortwo,passion coupe,Hatchback,automatic,wmeej3ba1ck553096,tx,42,24060,white,black,mercedes-benz financial services,5550,5750,Thu Jun 04 2015 04:00:00 GMT-0700 (PDT)
2012,smart,fortwo,passion coupe,Hatchback,automatic,wmeej3ba4ck578526,ca,39,34428,silver,black,mercedes-benz financial services,5200,5200,Wed May 27 2015 05:30:00 GMT-0700 (PDT)
2012,smart,fortwo,passion coupe,Hatchback,automatic,wmeej3ba1ck572456,ca,37,43008,black,black,mercedes-benz financial services,4800,5250,Wed May 27 2015 05:30:00 GMT-0700 (PDT)
2012,smart,fortwo,passion coupe,Hatchback,automatic,wmeej3ba9ck563312,ca,39,20091,—,black,mercedes-benz financial services,5875,6000,Wed May 27 2015 05:30:00 GMT-0700 (PDT)
2012,smart,fortwo,passion coupe,Hatchback,automatic,wmeej3ba1ck562977,ca,36,40835,red,black,mercedes-benz financial services,4900,5000,Wed May 27 2015 05:30:00 GMT-0700 (PDT)
2013,smart,fortwo,pure coupe,Hatchback,automatic,wmeej3ba4dk623806,ca,5,29780,—,black,mercedes-benz financial services,5375,6000,Wed May 27 2015 05:30:00 GMT-0700 (PDT)
2012,smart,fortwo,passion coupe,Hatchback,automatic,wmeej3ba7ck535329,ca,38,23153,blue,black,mercedes-benz financial services,5575,5500,Thu Jun 04 2015 05:30:00 GMT-0700 (PDT)
2012,smart,fortwo,passion coupe,Hatchback,automatic,wmeej3baxck572312,ca,48,10973,black,black,mercedes-benz financial services,6150,6250,Thu Jun 04 2015 05:30:00 GMT-0700 (PDT)
2012,smart,fortwo,passion cabriolet,Convertible,automatic,wmeek3ba3ck526835,ca,38,16556,blue,black,mercedes-benz financial services,8950,7500,Thu Jun 04 2015 05:30:00 GMT-0700 (PDT)
2015,smart,fortwo,passion coupe,Hatchback,automatic,wmeej3ba6fk798593,ca,5,338,white,black,mercedes-benz financial services,9550,9000,Thu Jun 04 2015 05:30:00 GMT-0700 (PDT)
2012,smart,fortwo,passion coupe,Hatchback,automatic,wmeej3ba8ck526641,oh,36,20238,silver,black,mercedes-benz financial services,5700,5750,Tue Jul 07 2015 14:00:00 GMT-0700 (PDT)
2013,smart,fortwo,pure coupe,Hatchback,automatic,wmeej3baxdk614382,nv,35,20926,red,black,mercedes-benz financial services,5850,6000,Fri Jun 05 2015 05:00:00 GMT-0700 (PDT)
2013,smart,fortwo,pure coupe,Hatchback,automatic,wmeej3baxdk604001,fl,43,1761,gray,black,coggin honda of ft pierce,6825,6100,Thu Jun 04 2015 06:00:00 GMT-0700 (PDT)
2012,smart,fortwo,passion coupe,Hatchback,automatic,wmeej3baxck572181,wi,41,19379,black,black,mercedes-benz financial services,5775,5500,Wed Jun 03 2015 03:00:00 GMT-0700 (PDT)
2012,smart,fortwo,passion coupe,Hatchback,automatic,wmeej3baxck571614,fl,5,3822,black,black,mercedes-benz financial services,6700,6500,Wed Jun 17 2015 02:30:00 GMT-0700 (PDT)
2013,smart,fortwo,passion cabriolet,Convertible,automatic,wmeek3baxdk583924,fl,41,15803,red,beige,braman honda of palm beach,8125,8200,Tue Jun 09 2015 02:30:00 GMT-0700 (PDT)
2012,smart,fortwo,passion coupe,Hatchback,automatic,wmeej3ba1ck537237,nv,27,22487,blue,black,mercedes-benz financial services,5600,5500,Fri Jun 05 2015 05:00:00 GMT-0700 (PDT)
2012,smart,fortwo,passion coupe,Hatchback,automatic,wmeej3ba5ck543977,nv,28,23317,white,black,mercedes-benz financial services,5575,5500,Fri Jun 05 2015 05:00:00 GMT-0700 (PDT)
2012,smart,fortwo,passion coupe,Hatchback,automatic,wmeej3ba0ck537570,nv,35,32007,silver,black,mercedes-benz financial services,5175,5500,Fri Jun 05 2015 05:00:00 GMT-0700 (PDT)
2012,smart,fortwo,passion coupe,Hatchback,automatic,wmeej3ba9ck550835,nv,43,18084,silver,black,mercedes-benz financial services,5825,5750,Fri Jun 05 2015 05:00:00 GMT-0700 (PDT)
2012,smart,fortwo,passion coupe,Hatchback,automatic,wmeej3ba1ck561554,nv,36,16001,black,black,mercedes-benz financial services,5900,5750,Fri Jun 05 2015 05:00:00 GMT-0700 (PDT)
2012,smart,fortwo,passion coupe,Hatchback,automatic,wmeej3ba6ck520966,fl,36,47005,red,black,mercedes-benz financial services,4475,4800,Thu Jun 04 2015 02:30:00 GMT-0700 (PDT)
2012,smart,fortwo,passion coupe,hatchback,automatic,wmeej3ba9ck529399,ca,48,3507,gray,black,mercedes-benz financial services,6475,6500,Thu Jun 04 2015 05:30:00 GMT-0700 (PDT)
2013,smart,fortwo,pure coupe,Hatchback,automatic,wmeej3ba3dk596520,fl,42,29950,silver,black,mercedes-benz financial services,5550,5200,Thu May 21 2015 02:30:00 GMT-0700 (PDT)
2013,smart,fortwo,pure coupe,Hatchback,automatic,wmeej3ba1dk602945,fl,43,33772,white,black,mercedes-benz financial services,5375,5000,Thu May 21 2015 02:30:00 GMT-0700 (PDT)
2008,smart,fortwo,passion,Hatchback,automatic,wmeej31x58k169190,ca,21,44857,silver,black,santander consumer,4275,4300,Thu May 28 2015 05:00:00 GMT-0700 (PDT)
2014,smart,fortwo,electric drive coupe,Hatchback,automatic,wmeej9aaxek730039,pa,49,2688,silver,black,mercedes-benz financial services,9750,6250,Thu May 28 2015 02:00:00 GMT-0700 (PDT)
2013,smart,fortwo,electric drive coupe,Hatchback,automatic,wmeej9aaxdk696618,pa,46,7645,gray,black,mercedes-benz financial services,7300,6500,Thu May 28 2015 02:00:00 GMT-0700 (PDT)
2012,smart,fortwo,passion coupe,Hatchback,automatic,wmeej3ba1ck527906,fl,42,32645,blue,black,sullivan auto group llc,5500,5700,Thu May 21 2015 02:35:00 GMT-0700 (PDT)
2014,smart,fortwo,electric drive coupe,Hatchback,automatic,wmeej9aa2ek739866,pa,46,2443,black,gray,mercedes-benz financial services,9750,5250,Thu May 28 2015 02:00:00 GMT-0700 (PDT)
2012,smart,fortwo,passion coupe,Hatchback,automatic,wmeej3ba0ck570956,wi,49,8944,red,gray,mercedes-benz financial services,6250,6000,Wed Jun 03 2015 03:00:00 GMT-0700 (PDT)
2011,smart,fortwo,passion cabriolet,Convertible,automatic,wmeek3ba2bk426370,tx,49,53906,silver,black,jpmorgan chase bank n.a.,6200,4000,Wed Jun 03 2015 03:15:00 GMT-0700 (PDT)
2013,smart,fortwo,pure coupe,hatchback,automatic,wmeej3ba7dk584158,nv,44,20450,silver,black,mercedes-benz financial services,5975,5000,Thu Jun 11 2015 07:00:00 GMT-0700 (PDT)
2014,smart,fortwo,electric drive coupe,hatchback,automatic,wmeej9aa1ek732746,nv,44,264,silver,black,rhima investments inc,9450,9600,Thu Jun 11 2015 07:30:00 GMT-0700 (PDT)
2014,smart,fortwo,passion coupe,hatchback,automatic,wmeej3ba9ek747247,fl,48,4004,red,black,mercedes-benz financial services,8000,7500,Wed Jun 17 2015 02:30:00 GMT-0700 (PDT)
2008,smart,fortwo,passion,hatchback,automatic,wmeej31x18k188366,pa,42,47216,black,black,r hollenshead auto sales inc,4200,4000,Fri Jun 12 2015 02:00:00 GMT-0700 (PDT)
2008,smart,fortwo,passion,hatchback,automatic,wmeej31x78k094525,fl,36,52333,black,black,santander consumer,4075,4500,Thu Jun 11 2015 02:35:00 GMT-0700 (PDT)
2009,smart,fortwo,BRABUS coupe,hatchback,automatic,wmeej31x69k222447,fl,22,80358,white,black,napletons nissan,3475,2100,Thu Jun 11 2015 02:25:00 GMT-0700 (PDT)
2011,smart,fortwo,passion cabriolet,convertible,automatic,wmeek3ba3bk445039,wi,26,34151,blue,black,mercedes-benz financial services,6400,6000,Wed Jun 17 2015 03:00:00 GMT-0700 (PDT)
2012,smart,fortwo,passion coupe,hatchback,automatic,wmeej3ba2ck548909,oh,44,29292,silver,black,mercedes-benz financial services,5400,5750,Tue Jun 16 2015 02:30:00 GMT-0700 (PDT)
2012,smart,fortwo,passion coupe,hatchback,automatic,wmeej3ba9ck572091,nv,4,43836,white,gray,mercedes-benz financial services,4675,4500,Thu Jun 11 2015 07:00:00 GMT-0700 (PDT)
2012,smart,fortwo,passion coupe,hatchback,automatic,wmeej3ba9ck557428,ga,34,29949,gray,black,mercedes-benz financial services,5350,5250,Thu Jun 11 2015 03:00:00 GMT-0700 (PDT)
2012,smart,fortwo,passion coupe,hatchback,automatic,wmeej3ba9ck524722,fl,34,45251,red,black,mercedes-benz financial services,4600,4200,Thu Jun 11 2015 02:30:00 GMT-0700 (PDT)
2013,smart,fortwo,pure coupe,hatchback,automatic,wmeej3ba7dk646397,fl,38,26831,silver,black,mercedes-benz financial services,5675,5600,Thu Jun 11 2015 02:30:00 GMT-0700 (PDT)
2013,smart,fortwo,pure coupe,hatchback,automatic,wmeej3ba1dk670873,nv,42,10244,black,black,mercedes-benz financial services,6475,6500,Thu Jun 11 2015 07:00:00 GMT-0700 (PDT)
2013,smart,fortwo,pure coupe,hatchback,automatic,wmeej3ba4dk608402,nv,42,45022,red,black,mercedes-benz finc wholesale advantage,4775,6200,Thu Jun 11 2015 07:00:00 GMT-0700 (PDT)
2013,smart,fortwo,pure coupe,hatchback,automatic,wmeej3ba6dk671324,mo,35,23440,blue,black,santander consumer,5725,6300,Wed Jun 10 2015 03:30:00 GMT-0700 (PDT)
2009,smart,fortwo,BRABUS coupe,hatchback,automatic,wmeej31x49k279830,tn,37,52378,silver,—,santander consumer,4125,3900,Tue Jun 16 2015 03:30:00 GMT-0700 (PDT)
2012,smart,fortwo,passion coupe,hatchback,automatic,wmeej3ba7ck541907,oh,32,20069,silver,black,mercedes-benz financial services,5875,6500,Tue Jun 16 2015 02:30:00 GMT-0700 (PDT)
2008,smart,fortwo,passion cabrio,convertible,automatic,wmeek31x98k180366,mi,37,92086,blue,black,jeffs motorcars inc,3625,3600,Thu Jun 04 2015 02:30:00 GMT-0700 (PDT)
2012,smart,fortwo,passion coupe,hatchback,automatic,wmeej3ba0ck554773,fl,5,22526,white,black,manheim new jersey,5600,4700,Fri Jun 05 2015 02:15:00 GMT-0700 (PDT)
2013,smart,fortwo,pure coupe,hatchback,automatic,wmeej3ba4dk718415,pa,49,25488,brown,brown,r hollenshead auto sales inc,5625,8000,Fri Jun 05 2015 02:00:00 GMT-0700 (PDT)
2012,smart,fortwo,passion coupe,hatchback,automatic,wmeej3ba1ck554555,fl,39,34043,blue,black,international motor sports inc,5175,5500,Tue Jun 16 2015 02:15:00 GMT-0700 (PDT)
2009,smart,fortwo,BRABUS coupe,hatchback,automatic,wmeej31xx9k289584,oh,38,26665,—,gray,credit acceptance corp/vrs/southfield,5175,4500,Thu Jun 04 2015 02:00:00 GMT-0700 (PDT)
2009,smart,fortwo,BRABUS coupe,hatchback,automatic,wmeej31x89k245907,ca,42,59760,red,black,trade in solutions irvine,3950,3800,Tue Jun 16 2015 05:30:00 GMT-0700 (PDT)
2008,smart,fortwo,pure,hatchback,automatic,wmeej31xx8k153633,pa,34,70100,black,tan,lancaster car company llc,3350,3700,Fri Jun 19 2015 02:00:00 GMT-0700 (PDT)
2012,smart,fortwo,passion cabriolet,convertible,automatic,wmeek3ba1ck532312,ca,4,33716,gray,black,mercedes-benz financial services,7325,7250,Thu Jun 18 2015 05:30:00 GMT-0700 (PDT)
2013,smart,fortwo,pure coupe,hatchback,automatic,wmeej3ba5dk595871,ca,43,18623,gray,black,mercedes-benz financial services,6125,6250,Thu Jun 18 2015 05:30:00 GMT-0700 (PDT)
2013,smart,fortwo,pure coupe,hatchback,automatic,wmeej3ba6dk631003,hi,44,33181,silver,black,mercedes-benz financial services,5350,5000,Wed Jun 17 2015 08:50:00 GMT-0700 (PDT)
2008,smart,fortwo,passion,hatchback,automatic,wmeej31x18k137059,or,23,90764,black,beige,consolidated asset recovery systems  inc.,3075,3100,Tue Jun 16 2015 05:00:00 GMT-0700 (PDT)
2012,smart,fortwo,passion cabriolet,convertible,automatic,wmeek3ba4ck551422,oh,39,6810,white,black,mercedes-benz financial services,9400,9250,Tue Jun 16 2015 02:30:00 GMT-0700 (PDT)
2013,smart,fortwo,passion cabriolet,convertible,automatic,wmeek3ba0dk677939,fl,41,8812,white,red,mercedes-benz financial services,8250,8000,Wed Jun 17 2015 02:30:00 GMT-0700 (PDT)
2011,smart,fortwo,passion cabriolet,convertible,automatic,wmeek3ba2bk422271,tx,37,39647,blue,—,music city autoplex llc,6300,5500,Wed Jun 17 2015 03:20:00 GMT-0700 (PDT)
2014,smart,fortwo,passion coupe,hatchback,automatic,wmeej3ba6ek776365,ca,48,3575,—,black,mercedes-benz financial services,7900,8250,Thu Jun 18 2015 05:30:00 GMT-0700 (PDT)
2008,smart,fortwo,passion,hatchback,automatic,wmeej31x78k137826,fl,45,66567,white,red,jm lexus,3450,3600,Fri Jun 19 2015 02:30:00 GMT-0700 (PDT)
2012,smart,fortwo,passion coupe,hatchback,automatic,wmeej3ba9ck572611,tx,39,22162,red,black,mercedes-benz financial services,5625,5750,Thu Jun 04 2015 04:00:00 GMT-0700 (PDT)
2012,smart,fortwo,passion coupe,hatchback,automatic,wmeej3ba2ck538848,ca,33,23279,black,black,mercedes-benz financial services,5700,5000,Thu Jun 18 2015 05:30:00 GMT-0700 (PDT)
2012,smart,fortwo,passion coupe,hatchback,automatic,wmeej3ba7ck571862,ca,42,13702,—,black,mercedes-benz financial services,6175,6000,Thu Jun 18 2015 05:30:00 GMT-0700 (PDT)
2012,smart,fortwo,passion coupe,hatchback,automatic,wmeej3ba4ck572497,ca,46,9022,white,black,mercedes-benz financial services,6400,6750,Thu Jun 18 2015 05:30:00 GMT-0700 (PDT)
2012,smart,fortwo,passion coupe,hatchback,automatic,wmeej3ba6ck528033,nj,34,30362,gray,gray,mercedes-benz financial services,5350,5400,Wed Jun 17 2015 02:30:00 GMT-0700 (PDT)
2013,smart,fortwo,pure coupe,hatchback,automatic,wmeej3ba9dk631299,ca,44,16626,gray,black,mercedes-benz financial services,6200,5750,Thu Jun 18 2015 05:30:00 GMT-0700 (PDT)
2013,smart,fortwo,pure coupe,hatchback,automatic,wmeej3ba4dk663531,ca,37,29188,yellow,black,mercedes-benz financial services,5675,5000,Thu Jun 18 2015 05:30:00 GMT-0700 (PDT)
2013,smart,fortwo,pure coupe,hatchback,automatic,wmeej3ba0dk617923,ca,46,28605,white,black,mercedes-benz financial services,5700,5000,Thu Jun 18 2015 05:30:00 GMT-0700 (PDT)
2013,smart,fortwo,pure coupe,hatchback,automatic,wmeej3ba2dk593656,ca,47,8411,red,black,mercedes-benz financial services,6575,6500,Thu Jun 18 2015 05:30:00 GMT-0700 (PDT)
2013,smart,fortwo,pure coupe,hatchback,automatic,wmeej3ba6dk599198,fl,46,18007,white,black,mercedes-benz financial services,6100,6100,Thu Jun 11 2015 02:30:00 GMT-0700 (PDT)
2013,smart,fortwo,pure coupe,hatchback,automatic,wmeej3ba8dk615854,nv,43,10001,black,black,mercedes-benz financial services,6425,6750,Fri Jun 05 2015 05:00:00 GMT-0700 (PDT)
2013,smart,fortwo,pure coupe,hatchback,automatic,wmeej3ba0dk618831,tx,36,29377,red,black,mercedes-benz financial services,5425,5000,Thu Jun 04 2015 04:00:00 GMT-0700 (PDT)
2013,smart,fortwo,pure coupe,hatchback,automatic,wmeej3ba9dk633733,nv,38,11636,red,black,mercedes-benz financial services,6325,5500,Fri Jun 05 2015 05:00:00 GMT-0700 (PDT)
2013,smart,fortwo,pure coupe,hatchback,automatic,wmeej3ba8dk592186,tx,49,29139,white,black,mercedes-benz financial services,5425,5500,Thu Jun 04 2015 04:00:00 GMT-0700 (PDT)
2013,smart,fortwo,pure coupe,hatchback,automatic,wmeej3ba9dk600358,nv,31,14620,black,black,mercedes-benz financial services,6175,5750,Fri Jun 05 2015 05:00:00 GMT-0700 (PDT)
2013,smart,fortwo,pure coupe,hatchback,automatic,wmeej3baxdk642330,nv,43,23263,white,black,mercedes-benz financial services,5725,5750,Fri Jun 05 2015 05:00:00 GMT-0700 (PDT)
2013,smart,fortwo,electric drive coupe,hatchback,automatic,wmeej9aa2dk702864,tx,5,456,red,black,mercedes-benz usa,7325,9750,Thu Jun 04 2015 04:00:00 GMT-0700 (PDT)
2013,smart,fortwo,pure coupe,hatchback,automatic,wmeej3ba0dk606257,nv,46,24406,black,black,mercedes-benz financial services,5675,6000,Fri Jun 05 2015 05:00:00 GMT-0700 (PDT)
2013,smart,fortwo,pure coupe,hatchback,automatic,wmeej3ba1dk630583,tx,36,30624,black,black,mercedes-benz financial services,5350,6000,Thu Jun 04 2015 04:00:00 GMT-0700 (PDT)
2013,smart,fortwo,electric drive coupe,hatchback,automatic,wmeej9aa7dk702620,tx,49,392,black,beige,mercedes-benz usa,7325,10000,Thu Jun 04 2015 04:00:00 GMT-0700 (PDT)
2013,smart,fortwo,pure coupe,hatchback,automatic,wmeej3ba9dk672791,tx,39,28837,gray,black,mercedes-benz financial services,5450,6250,Thu Jun 04 2015 04:00:00 GMT-0700 (PDT)
2012,smart,fortwo,passion coupe,hatchback,automatic,wmeej3ba8ck569439,tx,35,36766,red,black,mercedes-benz financial services,4950,5000,Thu Jun 04 2015 04:00:00 GMT-0700 (PDT)
2009,smart,fortwo,BRABUS coupe,hatchback,automatic,wmeej31x99k211930,fl,44,21065,silver,black,meridian remarketing,5225,4400,Wed Jun 03 2015 10:30:00 GMT-0700 (PDT)
2009,smart,fortwo,BRABUS coupe,hatchback,automatic,wmeej31x49k256984,md,46,90836,silver,black,the hertz corporation,3400,3300,Tue Jun 02 2015 02:30:00 GMT-0700 (PDT)
2014,smart,fortwo,passion coupe,hatchback,automatic,wmeej3ba8ek759230,fl,49,493,silver,black,mercedes-benz financial services,8250,8000,Tue Jun 02 2015 04:00:00 GMT-0700 (PDT)
2012,smart,fortwo,passion coupe,hatchback,automatic,wmeej3ba9ck555713,ca,41,51558,blue,black,mercedes-benz financial services,4300,4000,Thu Jun 04 2015 05:30:00 GMT-0700 (PDT)
2012,smart,fortwo,passion coupe,hatchback,automatic,wmeej3baxck564453,ca,36,25194,red,black,mercedes-benz financial services,5500,6000,Thu Jun 04 2015 05:30:00 GMT-0700 (PDT)
2012,smart,fortwo,passion cabriolet,convertible,automatic,wmeek3ba3ck527662,ca,48,5356,blue,black,mercedes-benz financial services,9800,9500,Thu Jun 04 2015 05:30:00 GMT-0700 (PDT)
2012,smart,fortwo,passion coupe,hatchback,automatic,wmeej3ba1ck524830,ca,43,14260,gray,black,mercedes-benz financial services,6000,6750,Thu Jun 04 2015 05:30:00 GMT-0700 (PDT)
2012,smart,fortwo,passion coupe,hatchback,automatic,wmeej3ba7ck562241,ca,36,31478,silver,black,mercedes-benz financial services,5200,5250,Thu Jun 04 2015 05:30:00 GMT-0700 (PDT)
2012,smart,fortwo,passion coupe,hatchback,automatic,wmeej3ba5ck529626,ca,47,38295,white,black,mercedes-benz financial services,4875,5000,Thu Jun 04 2015 05:30:00 GMT-0700 (PDT)
2012,smart,fortwo,passion coupe,hatchback,automatic,wmeej3ba8ck572096,ca,47,13245,white,black,mercedes-benz financial services,6050,6500,Thu Jun 04 2015 05:30:00 GMT-0700 (PDT)
2012,smart,fortwo,passion coupe,hatchback,automatic,wmeej3ba5ck554400,tx,42,24905,silver,black,mercedes-benz financial services,5500,5500,Thu Jun 04 2015 04:00:00 GMT-0700 (PDT)
2012,smart,fortwo,passion coupe,hatchback,automatic,wmeej3ba2ck570148,tx,43,34903,white,black,mercedes-benz financial services,5050,5250,Thu Jun 04 2015 04:00:00 GMT-0700 (PDT)
2012,smart,fortwo,passion coupe,hatchback,automatic,wmeej3ba9ck570924,nv,34,24226,black,black,mercedes-benz financial services,5525,5250,Fri Jun 05 2015 05:00:00 GMT-0700 (PDT)
2012,smart,fortwo,passion coupe,hatchback,automatic,wmeej3ba6ck556186,tx,41,18364,silver,black,mercedes-benz financial services,5800,6750,Thu Jun 04 2015 04:00:00 GMT-0700 (PDT)
2012,smart,fortwo,passion coupe,hatchback,automatic,wmeej3ba9ck552651,tx,39,35991,silver,black,mercedes-benz financial services,5000,5000,Thu Jun 04 2015 04:00:00 GMT-0700 (PDT)
2012,smart,fortwo,passion coupe,hatchback,automatic,wmeej3ba9ck567232,nv,44,12810,blue,black,mercedes-benz financial services,6050,6750,Fri Jun 05 2015 05:00:00 GMT-0700 (PDT)
2012,smart,fortwo,passion coupe,hatchback,automatic,wmeej3ba6ck566846,nv,46,29975,silver,black,mercedes-benz financial services,5275,5750,Fri Jun 05 2015 05:00:00 GMT-0700 (PDT)
2012,smart,fortwo,passion coupe,hatchback,automatic,wmeej3ba9ck543528,tx,34,26429,red,gray,mercedes-benz financial services,5425,5500,Thu Jun 04 2015 04:00:00 GMT-0700 (PDT)
2012,smart,fortwo,passion coupe,hatchback,automatic,wmeej3ba3ck549101,tx,45,42399,white,black,mercedes-benz financial services,4700,5500,Thu Jun 04 2015 04:00:00 GMT-0700 (PDT)
2012,smart,fortwo,passion coupe,hatchback,automatic,wmeej3ba8ck571675,nv,46,11555,gray,black,mercedes-benz financial services,6125,7500,Fri Jun 05 2015 05:00:00 GMT-0700 (PDT)
2012,smart,fortwo,passion coupe,hatchback,automatic,wmeej3ba6ck572467,tx,38,25449,blue,black,mercedes-benz financial services,5475,5500,Thu Jun 04 2015 04:00:00 GMT-0700 (PDT)
2012,smart,fortwo,passion coupe,Hatchback,automatic,wmeej3ba2ck530071,oh,43,25235,white,black,mercedes-benz financial services,5600,5250,Tue Jun 16 2015 02:30:00 GMT-0700 (PDT)
2012,smart,fortwo,passion coupe,hatchback,automatic,wmeej3ba3ck557358,tx,42,10622,white,black,mercedes-benz financial services,6150,6750,Thu Jun 04 2015 04:00:00 GMT-0700 (PDT)
2012,smart,fortwo,passion coupe,hatchback,automatic,wmeej3ba5ck571813,nv,45,31387,white,black,mercedes-benz financial services,5200,5750,Fri Jun 05 2015 05:00:00 GMT-0700 (PDT)
2012,smart,fortwo,passion coupe,hatchback,automatic,wmeej3ba6ck572260,tx,41,28032,white,black,mercedes-benz financial services,5350,5500,Thu Jun 04 2015 04:00:00 GMT-0700 (PDT)
2012,smart,fortwo,passion coupe,hatchback,automatic,wmeej3ba9ck550995,tx,42,20793,silver,black,mercedes-benz financial services,5700,5750,Thu Jun 04 2015 04:00:00 GMT-0700 (PDT)
2012,smart,fortwo,passion coupe,hatchback,automatic,wmeej3ba0ck553414,tx,33,22897,green,black,mercedes-benz financial services,5600,6000,Thu Jun 04 2015 04:00:00 GMT-0700 (PDT)
2012,smart,fortwo,passion coupe,hatchback,automatic,wmeej3ba0ck572593,nv,44,41317,gray,black,mercedes-benz financial services,4750,5250,Fri Jun 05 2015 05:00:00 GMT-0700 (PDT)
2012,smart,fortwo,passion coupe,hatchback,automatic,wmeej3ba4ck559152,tx,41,20088,white,black,mercedes-benz financial services,5725,6000,Thu Jun 04 2015 04:00:00 GMT-0700 (PDT)
2012,smart,fortwo,passion coupe,hatchback,automatic,wmeej3ba1ck566656,tx,43,38270,white,black,mercedes-benz financial services,4875,5250,Thu Jun 04 2015 04:00:00 GMT-0700 (PDT)
2012,smart,fortwo,passion coupe,hatchback,automatic,wmeej3baxck559897,nv,42,27158,blue,black,mercedes-benz financial services,5400,6000,Fri Jun 05 2015 05:00:00 GMT-0700 (PDT)
2008,smart,fortwo,passion cabrio,Convertible,automatic,wmeek31x78k173738,fl,28,71403,silver,tan,lokey motor company,4100,4200,Thu Jan 15 2015 01:50:00 GMT-0800 (PST)
2009,smart,fortwo,BRABUS cabriolet,Convertible,automatic,wmeek31xx9k209990,mo,36,55808,silver,black,auto plaza motor sports llc,2950,3200,Tue Feb 03 2015 03:00:00 GMT-0800 (PST)
2013,smart,fortwo,pure coupe,Hatchback,automatic,wmeej3ba8dk609987,nv,38,18542,black,black,mercedes-benz financial services,8675,8750,Thu Jan 22 2015 06:00:00 GMT-0800 (PST)
2013,smart,fortwo,pure coupe,Hatchback,automatic,wmeej3baxdk671147,tn,41,23182,gray,black,mercedes-benz financial services,8525,8250,Wed Jan 21 2015 02:30:00 GMT-0800 (PST)
2013,smart,fortwo,pure coupe,Hatchback,automatic,wmeej3ba7dk593538,nv,41,14633,blue,black,mercedes-benz financial services,8275,9000,Thu Feb 19 2015 14:00:00 GMT-0800 (PST)
2013,smart,fortwo,passion cabriolet,Convertible,automatic,wmeek3ba7dk598039,nv,41,26468,silver,black,mercedes-benz financial services,8825,9000,Thu Jan 22 2015 06:00:00 GMT-0800 (PST)
2013,smart,fortwo,passion cabriolet,Convertible,automatic,wmeek3ba7dk607645,nv,42,14543,silver,black,mercedes-benz financial services,9250,9500,Thu Jan 22 2015 06:00:00 GMT-0800 (PST)
2013,smart,fortwo,pure coupe,Hatchback,automatic,wmeej3ba1dk605179,nv,48,11426,blue,black,mercedes-benz financial services,8425,9500,Thu Feb 19 2015 14:00:00 GMT-0800 (PST)
2013,smart,fortwo,pure coupe,Hatchback,automatic,wmeej3baxdk597311,nv,4,16094,gray,black,mercedes-benz financial services,8225,8750,Thu Feb 19 2015 14:00:00 GMT-0800 (PST)
2008,smart,fortwo,passion,Hatchback,automatic,wmeej31x18k164357,ga,32,71789,orange,orange,dealer finance,4450,4600,Tue Jan 20 2015 01:30:00 GMT-0800 (PST)
2011,smart,fortwo,passion cabriolet,Convertible,automatic,wmeek3ba5bk470024,fl,5,39579,black,black,mercedes-benz of palm beach,7075,7000,Thu Jan 15 2015 02:10:00 GMT-0800 (PST)
2008,smart,fortwo,passion cabrio,Convertible,automatic,wmeek31x48k197480,fl,37,61479,silver,beige,massey cadillac,4475,4200,Tue Jan 20 2015 10:00:00 GMT-0800 (PST)
2009,smart,fortwo,BRABUS coupe,Hatchback,automatic,wmeej31x59k287225,ca,35,52865,red,black,chaser inc,5225,5700,Wed Jan 14 2015 04:30:00 GMT-0800 (PST)
2013,smart,fortwo,pure coupe,Hatchback,automatic,wmeej3ba3dk664279,fl,29,24104,black,black,mercedes-benz financial services,8400,7600,Thu Jan 15 2015 01:30:00 GMT-0800 (PST)
2014,smart,fortwo,passion coupe,Hatchback,automatic,wmeej3ba2ek752676,la,48,4449,white,black,don's wholesale llc,9900,10000,Wed Jan 14 2015 02:15:00 GMT-0800 (PST)
2013,smart,fortwo,pure coupe,Hatchback,automatic,wmeej3ba1dk590277,ca,46,13462,white,black,mercedes-benz financial services,8875,9000,Thu Jan 15 2015 04:30:00 GMT-0800 (PST)
2013,smart,fortwo,pure coupe,Hatchback,automatic,wmeej3ba0dk595941,tx,48,19448,red,gray,mercedes-benz financial services,8625,8500,Thu Jan 15 2015 03:00:00 GMT-0800 (PST)
2013,smart,fortwo,pure coupe,Hatchback,automatic,wmeej3baxdk680298,ca,49,12538,white,black,mercedes-benz financial services,8925,9250,Thu Jan 15 2015 04:30:00 GMT-0800 (PST)
2014,smart,fortwo,passion coupe,Hatchback,automatic,wmeej3baxek756393,tx,49,2517,white,gray,mercedes-benz financial services,9925,9750,Thu Jan 15 2015 03:00:00 GMT-0800 (PST)
2014,smart,fortwo,passion coupe,Hatchback,automatic,wmeej3ba7ek742287,tx,5,2060,white,black,mercedes-benz financial services,9950,9500,Thu Jan 15 2015 03:00:00 GMT-0800 (PST)
2008,smart,fortwo,passion cabrio,Convertible,automatic,wmeek31x98k147920,fl,44,20689,yellow,tan,dick devoe buick cadillac inc,5600,6100,Wed Jan 14 2015 07:25:00 GMT-0800 (PST)
2009,smart,fortwo,BRABUS coupe,Hatchback,automatic,wmeej31x09k269201,mn,44,50045,black,black,walser honda,5300,4100,Wed Jan 14 2015 02:30:00 GMT-0800 (PST)
2008,smart,fortwo,passion cabrio,Convertible,automatic,wmeek31x48k138168,mn,29,56021,white,black,wells fargo dealer services,4775,4200,Wed Jan 28 2015 02:30:00 GMT-0800 (PST)
2009,smart,fortwo,BRABUS coupe,Hatchback,automatic,wmeej31x59k257352,ca,43,48286,silver,black,clear view systems,4625,4700,Tue Mar 03 2015 04:30:00 GMT-0800 (PST)
2009,smart,fortwo,BRABUS coupe,Hatchback,automatic,wmeej31x59k251230,fl,24,55809,red,black,mercedes-benz of coconut creek,4950,4200,Tue Jan 27 2015 10:00:00 GMT-0800 (PST)
2010,smart,fortwo,passion coupe,Hatchback,automatic,wmeej3ba5ak408690,tx,45,37828,black,gray,ar auto sales,4975,6100,Wed Feb 04 2015 02:20:00 GMT-0800 (PST)
2012,smart,fortwo,passion coupe,Hatchback,automatic,wmeej3ba2ck538428,ca,37,14478,white,black,mercedes-benz financial services,7825,9750,Thu Jan 29 2015 04:30:00 GMT-0800 (PST)
2012,smart,fortwo,passion cabriolet,Convertible,automatic,wmeek3ba5ck545158,ca,36,30884,white,black,mercedes-benz financial services,7825,7500,Thu Jan 29 2015 04:30:00 GMT-0800 (PST)
2013,smart,fortwo,passion cabriolet,Convertible,automatic,wmeek3ba6dk618488,hi,4,7719,blue,black,mercedes-benz financial services,9625,8750,Wed Jan 28 2015 07:00:00 GMT-0800 (PST)
2013,smart,fortwo,electric drive coupe,Hatchback,automatic,wmeej9aa7dk697158,ca,43,804,gray,black,mercedes-benz usa,12000,9500,Thu Jan 29 2015 04:00:00 GMT-0800 (PST)
2013,smart,fortwo,pure coupe,Hatchback,automatic,wmeej3ba6dk601693,hi,47,15460,blue,gray,mercedes-benz financial services,8825,8500,Wed Jan 28 2015 07:00:00 GMT-0800 (PST)
2013,smart,fortwo,pure coupe,Hatchback,automatic,wmeej3ba5dk597670,ca,42,25438,black,black,mercedes-benz financial services,8475,8500,Thu Jan 29 2015 04:30:00 GMT-0800 (PST)
2010,smart,fortwo,passion coupe,Hatchback,automatic,wmeej3ba1ak409397,fl,44,60424,red,gray,american bank auto liquidators,4025,5500,Tue Jan 27 2015 01:30:00 GMT-0800 (PST)
2009,smart,fortwo,BRABUS coupe,Hatchback,automatic,wmeej31x99k262523,nc,41,57618,white,gray,terry inc,5000,6000,Tue Jan 13 2015 09:15:00 GMT-0800 (PST)
2011,smart,fortwo,passion cabriolet,Convertible,automatic,wmeek3ba5bk510389,mo,44,18004,white,tan,santander consumer,7300,7500,Wed Feb 04 2015 02:30:00 GMT-0800 (PST)
2013,smart,fortwo,electric drive coupe,Hatchback,automatic,wmeej9aa6dk710112,oh,47,2693,gray,gray,mercedes-benz usa,6875,7250,Tue May 19 2015 02:30:00 GMT-0700 (PDT)
2012,smart,fortwo,passion coupe,Hatchback,automatic,wmeej3baxck547426,nv,46,10609,white,black,mercedes-benz financial services,7825,8000,Thu Jan 22 2015 06:00:00 GMT-0800 (PST)
2008,smart,fortwo,passion,Hatchback,automatic,wmeej31x18k151608,fl,45,6523,white,beige,mercedes benz of tampa,6025,5900,Thu Jan 22 2015 08:20:00 GMT-0800 (PST)
2008,smart,fortwo,passion,Hatchback,automatic,wmeej31x88k189238,tx,23,29424,blue,black,motorcars of south texas,5500,5500,Wed Jan 21 2015 01:15:00 GMT-0800 (PST)
2009,smart,fortwo,BRABUS coupe,Hatchback,automatic,wmeej31x49k232359,ca,29,22175,black,black,guard auto sales,5875,5500,Wed Jan 21 2015 04:30:00 GMT-0800 (PST)
2009,smart,fortwo,BRABUS coupe,Hatchback,automatic,wmeej31x09k302620,fl,31,78303,black,beige,mercedes benz of tampa,4475,4100,Thu Jan 22 2015 08:20:00 GMT-0800 (PST)
2013,smart,fortwo,pure coupe,Hatchback,automatic,wmeej3ba3dk657168,tn,48,14258,yellow,black,butler kia,8900,7400,Wed Jan 21 2015 02:30:00 GMT-0800 (PST)
2012,smart,fortwo,passion coupe,Hatchback,automatic,wmeej3ba3ck543458,nv,44,22870,white,black,mercedes-benz financial services,7400,7500,Thu Jan 22 2015 06:00:00 GMT-0800 (PST)
2011,smart,fortwo,passion coupe,Hatchback,automatic,wmeej3ba0bk423048,tx,35,33169,green,black,mercedes-benz financial services,5200,5250,Thu Dec 18 2014 11:00:00 GMT-0800 (PST)
2013,smart,fortwo,pure coupe,Hatchback,automatic,wmeej3ba1dk596063,nv,44,16980,silver,black,mercedes-benz financial services,8400,8750,Wed Dec 31 2014 12:30:00 GMT-0800 (PST)
2009,smart,fortwo,BRABUS coupe,Hatchback,automatic,wmeej31x39k251226,tn,44,33040,beige,tan,essen motor company inc,5375,6100,Tue Dec 23 2014 10:30:00 GMT-0800 (PST)
2012,smart,fortwo,passion cabriolet,Convertible,automatic,wmeek3ba8ck560298,nv,44,29426,black,black,mercedes-benz financial services,8200,7500,Wed Dec 31 2014 12:30:00 GMT-0800 (PST)
2013,smart,fortwo,pure coupe,Hatchback,automatic,wmeej3ba9dk628113,nv,37,26272,red,black,mercedes-benz financial services,8000,8750,Wed Dec 31 2014 12:30:00 GMT-0800 (PST)
2013,smart,fortwo,pure coupe,Hatchback,automatic,wmeej3ba2dk651264,ga,48,17953,white,black,jim ellis,8200,8600,Thu Dec 18 2014 10:00:00 GMT-0800 (PST)
2013,smart,fortwo,pure coupe,Hatchback,automatic,wmeej3baxdk660164,tx,29,17531,white,black,mercedes-benz financial services,8225,8000,Thu Dec 18 2014 11:00:00 GMT-0800 (PST)
2008,smart,fortwo,passion,Hatchback,automatic,wmeej31x28k086610,mi,48,83149,yellow,black,platinum motor cars,3800,4600,Thu Dec 18 2014 09:30:00 GMT-0800 (PST)
2008,smart,fortwo,passion,Hatchback,automatic,wmeej31x38k189583,fl,39,65799,blue,black,courtesy nissan of tampa,4250,4300,Thu Dec 18 2014 16:20:00 GMT-0800 (PST)
2009,smart,fortwo,BRABUS coupe,Hatchback,automatic,wmeej31xx9k325466,fl,38,29137,white,gray,stadium toyota inc,5400,5500,Thu Dec 18 2014 09:45:00 GMT-0800 (PST)
2009,smart,fortwo,BRABUS coupe,Hatchback,automatic,wmeej31x99k236990,fl,43,11748,black,black,metro ford inc,5825,6400,Fri Dec 19 2014 09:30:00 GMT-0800 (PST)
2013,smart,fortwo,passion cabriolet,Convertible,automatic,wmeek3ba3dk596028,nv,27,14709,silver,black,mercedes-benz financial services,9225,8750,Thu Jan 22 2015 06:00:00 GMT-0800 (PST)
2012,smart,fortwo,passion coupe,Hatchback,automatic,wmeej3ba7ck561705,pa,42,17162,silver,black,autohaus lancaster inc,7150,7000,Fri Dec 19 2014 09:00:00 GMT-0800 (PST)
2012,smart,fortwo,passion cabriolet,Convertible,automatic,wmeek3ba3ck520775,tx,39,41253,black,black,mercedes-benz financial services,7000,7250,Thu Jan 15 2015 03:00:00 GMT-0800 (PST)
2012,smart,fortwo,passion coupe,Hatchback,automatic,wmeej3ba6ck542725,tx,46,23732,blue,gray,mercedes-benz financial services,6800,7000,Thu Dec 18 2014 11:00:00 GMT-0800 (PST)
2012,smart,fortwo,passion coupe,Hatchback,automatic,wmeej3ba0ck563392,tx,48,29508,red,black,mercedes-benz financial services,6500,7000,Thu Dec 18 2014 11:00:00 GMT-0800 (PST)
2012,smart,fortwo,passion coupe,Hatchback,automatic,wmeej3ba0ck567670,nv,38,5369,red,black,auto & truck direct,7750,6700,Fri Dec 19 2014 11:45:00 GMT-0800 (PST)
2012,smart,fortwo,passion coupe,Hatchback,automatic,wmeej3ba7ck578097,tx,37,11350,red,black,mercedes-benz financial services,7450,8000,Thu Dec 18 2014 11:00:00 GMT-0800 (PST)
2012,smart,fortwo,passion coupe,Hatchback,automatic,wmeej3ba7ck543558,tx,44,15111,silver,black,mercedes-benz financial services,7250,7000,Thu Dec 18 2014 11:00:00 GMT-0800 (PST)
2009,smart,fortwo,BRABUS coupe,Hatchback,automatic,wmeej31x99k331436,ca,2,72212,red,black,cig financial,4275,2100,Wed Dec 17 2014 11:00:00 GMT-0800 (PST)
2012,smart,fortwo,passion coupe,Hatchback,automatic,wmeej3ba0ck521434,ca,39,67215,black,black,santander consumer,5475,5000,Fri Dec 26 2014 15:00:00 GMT-0800 (PST)
2009,smart,fortwo,BRABUS coupe,Hatchback,automatic,wmeej31x19k241827,ca,23,36244,red,red,remarketing by ge/nextgear capital,5300,3500,Tue Dec 23 2014 16:00:00 GMT-0800 (PST)
2009,smart,fortwo,BRABUS coupe,Hatchback,automatic,wmeej31x59k210290,fl,47,4513,black,red,braman motorcars,6175,6900,Thu Jan 08 2015 01:40:00 GMT-0800 (PST)
2013,smart,fortwo,pure coupe,Hatchback,automatic,wmeej3ba2dk654620,tx,47,4143,red,black,mercedes-benz financial services,9300,8750,Thu Jan 15 2015 03:00:00 GMT-0800 (PST)
2013,smart,fortwo,pure coupe,Hatchback,automatic,wmeej3ba1dk589162,tx,44,14878,black,black,mercedes-benz financial services,8825,8750,Thu Jan 15 2015 03:00:00 GMT-0800 (PST)
2013,smart,fortwo,pure coupe,Hatchback,automatic,wmeej3ba3dk631346,tx,36,6170,black,black,mercedes-benz financial services,9200,9000,Thu Jan 15 2015 03:00:00 GMT-0800 (PST)
2013,smart,fortwo,pure coupe,Hatchback,automatic,wmeej3ba8dk624327,tx,46,11034,white,black,mercedes-benz financial services,9000,8750,Thu Jan 15 2015 03:00:00 GMT-0800 (PST)
2013,smart,fortwo,pure coupe,Hatchback,automatic,wmeej3ba5dk604889,ca,43,42239,silver,black,mercedes-benz financial services,7625,7500,Thu Jan 15 2015 04:30:00 GMT-0800 (PST)
2008,smart,fortwo,passion,Hatchback,automatic,wmeej31x88k202473,mi,41,67054,yellow,gray,fifth third bank,4675,4100,Thu Jan 15 2015 01:30:00 GMT-0800 (PST)
2009,smart,fortwo,BRABUS coupe,Hatchback,automatic,wmeej31x09k216515,ca,39,91892,black,gray,stop & buy auto sales llc,4225,3500,Wed Jan 14 2015 03:30:00 GMT-0800 (PST)
2011,smart,fortwo,passion coupe,Hatchback,automatic,wmeej3ba5bk420551,ca,36,36830,silver,black,mercedes-benz financial services,4225,5000,Thu Jan 15 2015 04:30:00 GMT-0800 (PST)
2011,smart,fortwo,passion coupe,Hatchback,automatic,wmeej3ba1bk429246,tn,27,28904,black,black,mercedes-benz financial services,4425,5400,Wed Jan 14 2015 02:30:00 GMT-0800 (PST)
2008,smart,fortwo,passion,Hatchback,automatic,wmeej31x78k125501,md,39,39944,blue,black,capital one auto finance,5300,5400,Tue Jan 13 2015 09:30:00 GMT-0800 (PST)
2013,smart,fortwo,pure coupe,Hatchback,automatic,wmeej3ba3dk691708,tx,48,6587,white,black,avis corporation,9100,9000,Wed Feb 11 2015 02:00:00 GMT-0800 (PST)
2009,smart,fortwo,BRABUS coupe,Hatchback,automatic,wmeej31x69k316120,nc,19,47946,blue,gray,dt credit corporation,5325,3700,Tue Jan 20 2015 01:30:00 GMT-0800 (PST)
2009,smart,fortwo,BRABUS coupe,Hatchback,automatic,wmeej31x39k274215,tx,34,50523,silver,red,pm standley motorcars,5175,4400,Wed Jan 21 2015 02:20:00 GMT-0800 (PST)
2009,smart,fortwo,BRABUS cabriolet,Convertible,automatic,wmeek31x29k226282,hi,24,30727,white,gray,cox fleet,4450,3400,Wed Jan 28 2015 06:30:00 GMT-0800 (PST)
2009,smart,fortwo,BRABUS coupe,Hatchback,automatic,wmeej31x19k256151,nc,24,85232,red,red,dt credit corporation,4025,3900,Tue Jan 06 2015 01:30:00 GMT-0800 (PST)
2008,smart,fortwo,passion,Hatchback,automatic,wmeej31x48k186076,ca,34,31028,orange,black,desert fleet lease,5300,5000,Tue Dec 30 2014 12:30:00 GMT-0800 (PST)
2010,smart,fortwo,passion coupe,Hatchback,automatic,wmeej3ba3ak418232,az,2,17914,white,black,camelback finance co,5075,5200,Tue Dec 30 2014 11:00:00 GMT-0800 (PST)
2012,smart,fortwo,passion cabriolet,Convertible,automatic,wmeek3ba6ck526506,hi,44,12492,red,black,mercedes-benz financial services,9600,9000,Tue Dec 30 2014 15:00:00 GMT-0800 (PST)
2012,smart,fortwo,passion coupe,Hatchback,automatic,wmeej3ba7ck543138,nv,45,29916,silver,black,mercedes-benz financial services,6625,7250,Wed Dec 31 2014 12:30:00 GMT-0800 (PST)
2014,smart,fortwo,passion coupe,Hatchback,automatic,wmeej3ba8ek738345,hi,48,3304,white,gray,mercedes-benz financial services,9725,10000,Tue Dec 30 2014 15:00:00 GMT-0800 (PST)
2012,smart,fortwo,passion coupe,Hatchback,automatic,wmeej3ba9ck544467,ca,37,29269,black,black,mercedes-benz financial services,7425,7750,Thu Feb 26 2015 04:30:00 GMT-0800 (PST)
2008,smart,fortwo,passion cabrio,Convertible,automatic,wmeek31x98k136738,az,4,73693,blue,tan,right toyota,4025,4500,Thu Feb 26 2015 03:00:00 GMT-0800 (PST)
2013,smart,fortwo,pure coupe,Hatchback,automatic,wmeej3ba6dk587116,pr,45,22223,silver,gray,mercedes-benz financial services,8225,9300,Thu Feb 26 2015 03:00:00 GMT-0800 (PST)
2013,smart,fortwo,pure coupe,Hatchback,automatic,wmeej3ba8dk660518,ca,41,19459,white,black,mercedes-benz financial services,8175,8500,Wed Mar 04 2015 04:30:00 GMT-0800 (PST)
2012,smart,fortwo,passion coupe,Hatchback,automatic,wmeej3ba6ck526038,fl,41,93239,red,black,mercedes-benz financial services,6400,4600,Thu Feb 26 2015 01:30:00 GMT-0800 (PST)
2012,smart,fortwo,passion coupe,Hatchback,automatic,wmeej3ba5ck541887,hi,42,26033,red,black,mercedes-benz financial services,7600,6500,Wed Feb 25 2015 07:00:00 GMT-0800 (PST)
2013,smart,fortwo,pure coupe,Hatchback,automatic,wmeej3ba4dk601238,ca,48,19260,black,black,mercedes-benz usa,8350,7250,Thu Feb 26 2015 04:00:00 GMT-0800 (PST)
2013,smart,fortwo,electric drive coupe,Hatchback,automatic,wmeej9aa9dk725526,ca,35,4919,red,black,mercedes-benz usa,11000,10000,Thu Feb 26 2015 04:00:00 GMT-0800 (PST)
2009,smart,fortwo,BRABUS coupe,Hatchback,automatic,wmeej31x49k249775,tx,29,52410,white,tan,td auto finance,4800,3000,Wed Feb 25 2015 02:00:00 GMT-0800 (PST)
2011,smart,fortwo,passion coupe,Hatchback,automatic,wmeej3ba1bk437587,ca,5,33426,red,black,mercedes-benz financial services,4900,7500,Thu Feb 26 2015 04:30:00 GMT-0800 (PST)
2012,smart,fortwo,passion coupe,Hatchback,automatic,wmeej3ba5ck543767,ca,35,10550,green,black,mercedes-benz financial services,8225,8250,Wed Mar 04 2015 04:30:00 GMT-0800 (PST)
2009,smart,fortwo,BRABUS coupe,Hatchback,automatic,wmeej31x19k331155,ca,35,84434,red,gray,premium auto wholesale,3700,3700,Thu Feb 26 2015 04:00:00 GMT-0800 (PST)
2012,smart,fortwo,passion coupe,Hatchback,automatic,wmeej3ba4ck554985,ca,39,17985,white,black,mercedes-benz financial services,7925,7500,Wed Mar 04 2015 04:30:00 GMT-0800 (PST)
2012,smart,fortwo,passion coupe,Hatchback,automatic,wmeej3baxck531548,pa,46,23243,black,black,toyota volvo jaguar of warren,7700,7600,Wed Feb 25 2015 01:30:00 GMT-0800 (PST)
2012,smart,fortwo,passion coupe,Hatchback,automatic,wmeej3baxck533042,ca,37,19630,white,black,mercedes-benz financial services,7850,7750,Wed Mar 04 2015 04:30:00 GMT-0800 (PST)
2013,smart,fortwo,pure coupe,Hatchback,automatic,wmeej3ba4dk633073,ca,38,13947,black,black,mercedes-benz financial services,8575,8500,Thu Feb 26 2015 04:30:00 GMT-0800 (PST)
2013,smart,fortwo,pure coupe,Hatchback,automatic,wmeej3ba4dk600560,ca,38,13499,silver,black,mercedes-benz financial services,8425,8900,Wed Mar 04 2015 04:30:00 GMT-0800 (PST)
2013,smart,fortwo,pure coupe,Hatchback,automatic,wmeej3ba0dk595308,ca,42,24484,—,black,mercedes-benz financial services,7950,8250,Wed Mar 04 2015 04:30:00 GMT-0800 (PST)
2008,smart,fortwo,passion cabrio,Convertible,automatic,wmeek31x88k152025,co,38,114995,blue,black,dt credit corporation,2875,1600,Wed Feb 25 2015 03:45:00 GMT-0800 (PST)
2012,smart,fortwo,passion coupe,Hatchback,automatic,wmeej3ba6ck522698,oh,44,32557,white,black,mercedes-benz financial services,7325,7250,Tue Feb 24 2015 01:30:00 GMT-0800 (PST)
2012,smart,fortwo,passion coupe,Hatchback,automatic,wmeej3ba5ck533949,fl,45,35991,black,black,mercedes-benz financial services,7175,6800,Thu Feb 19 2015 01:30:00 GMT-0800 (PST)
2013,smart,fortwo,pure coupe,Hatchback,automatic,wmeej3ba1dk585029,fl,45,30210,gray,black,mercedes-benz financial services,7900,7100,Thu Feb 26 2015 01:30:00 GMT-0800 (PST)
2008,smart,fortwo,passion,Hatchback,automatic,wmeej31x28k151987,nc,3,1,black,black,metrolina auto group llc,4975,2200,Tue Mar 10 2015 01:30:00 GMT-0700 (PDT)
2013,smart,fortwo,electric drive coupe,Hatchback,automatic,wmeej9aa5dk677703,pa,48,2415,black,black,mercedes-benz financial services,7550,5750,Thu May 28 2015 02:00:00 GMT-0700 (PDT)
2012,smart,fortwo,passion coupe,Hatchback,automatic,wmeej3ba0ck556488,nv,43,26981,white,black,mercedes-benz financial services,5400,5500,Fri Jun 05 2015 05:00:00 GMT-0700 (PDT)
2013,smart,fortwo,electric drive coupe,Hatchback,automatic,wmeej9aa1dk703830,ca,46,22,black,black,mercedes-benz usa,7200,9000,Thu May 21 2015 05:00:00 GMT-0700 (PDT)
2012,smart,fortwo,passion coupe,Hatchback,automatic,wmeej3ba9ck544503,ca,48,22386,red,black,mercedes-benz financial services,5625,5750,Thu Jun 04 2015 05:30:00 GMT-0700 (PDT)
2012,smart,fortwo,passion coupe,Hatchback,automatic,wmeej3ba0ck564350,ca,47,28776,black,black,mercedes-benz financial services,5675,5500,Thu May 21 2015 05:30:00 GMT-0700 (PDT)
2012,smart,fortwo,passion coupe,Hatchback,automatic,wmeej3ba0ck554773,nj,49,22513,white,black,mercedes-benz financial services,6450,5200,Wed May 06 2015 02:30:00 GMT-0700 (PDT)
2012,smart,fortwo,passion coupe,Hatchback,automatic,wmeej3baxck572567,fl,45,30146,silver,black,mercedes-benz financial services,5450,5400,Tue May 26 2015 02:30:00 GMT-0700 (PDT)
2013,smart,fortwo,pure coupe,Hatchback,automatic,wmeej3ba2dk587842,ga,48,29993,black,black,mercedes-benz financial services,5350,5250,Wed May 27 2015 03:00:00 GMT-0700 (PDT)
2012,smart,fortwo,passion coupe,Hatchback,automatic,wmeej3baxck578479,ca,28,17388,black,black,mercedes-benz financial services,6000,5600,Wed May 27 2015 05:30:00 GMT-0700 (PDT)
2012,smart,fortwo,passion coupe,Hatchback,automatic,wmeej3ba0ck531459,ca,34,19121,black,gray,mercedes-benz financial services,5925,5750,Wed May 27 2015 05:30:00 GMT-0700 (PDT)
2014,smart,fortwo,passion coupe,Hatchback,automatic,wmeej3ba5ek747004,pa,45,2318,silver,black,mercedes benz of pittsburgh,9025,9000,Wed Feb 18 2015 01:00:00 GMT-0800 (PST)
2012,smart,fortwo,passion coupe,Hatchback,automatic,wmeej3ba4ck528340,fl,37,20580,white,black,mercedes-benz financial services,5750,5300,Tue Jun 02 2015 04:00:00 GMT-0700 (PDT)
2008,smart,fortwo,passion cabrio,Convertible,automatic,wmeek31x18k176912,pa,42,68846,black,black,tom clark chevrolet inc,4200,6000,Wed Mar 04 2015 01:00:00 GMT-0800 (PST)
2013,smart,fortwo,pure coupe,Hatchback,automatic,wmeej3ba8dk592902,fl,38,30522,black,black,mercedes-benz financial services,7825,7000,Thu Mar 05 2015 01:30:00 GMT-0800 (PST)
2012,smart,fortwo,passion coupe,Hatchback,automatic,wmeej3ba7ck558755,ca,44,14139,green,black,mercedes-benz finc wholesale advantage,8075,7250,Wed Mar 04 2015 04:30:00 GMT-0800 (PST)
2009,smart,fortwo,BRABUS cabriolet,Convertible,automatic,wmeek31x29k215363,nj,47,77935,blue,black,ht automotive llc,1550,3800,Wed Mar 04 2015 01:30:00 GMT-0800 (PST)
2010,smart,fortwo,passion coupe,Hatchback,automatic,wmeej3ba4ak335487,sc,5,48349,white,black,east coast volkswagen,5650,5800,Wed Mar 04 2015 02:00:00 GMT-0800 (PST)
2013,smart,fortwo,pure coupe,Hatchback,automatic,wmeej3ba5dk665563,fl,34,45010,blue,black,mercedes-benz financial services,7100,7900,Tue Mar 03 2015 01:30:00 GMT-0800 (PST)
2008,smart,fortwo,passion,Hatchback,automatic,wmeej31x08k111388,tx,39,93064,blue,beige,wells fargo dealer services,3025,3500,Wed Mar 04 2015 02:00:00 GMT-0800 (PST)
2013,smart,fortwo,pure coupe,Hatchback,automatic,wmeej3ba3dk709088,in,48,8240,yellow,black,tafel motors  inc,8800,11000,Thu Feb 26 2015 02:10:00 GMT-0800 (PST)
2013,smart,fortwo,electric drive cabriolet,Convertible,automatic,wmeek9aa6dk678503,ga,48,1247,white,black,mercedes-benz usa,10400,10000,Wed Feb 04 2015 02:00:00 GMT-0800 (PST)
2008,smart,fortwo,passion cabrio,Convertible,automatic,wmeek31x08k120993,az,36,67427,white,beige,onesource/southwest remarketing,4225,4000,Thu Feb 05 2015 03:00:00 GMT-0800 (PST)
2008,smart,fortwo,passion,Hatchback,automatic,wmeej31x88k199817,ma,26,33717,orange,red,metro honda,5100,3500,Tue Feb 17 2015 02:00:00 GMT-0800 (PST)
2008,smart,fortwo,passion,Hatchback,automatic,wmeej31x68k098789,ma,34,30247,blue,black,premier cape cod,4575,3600,Tue Mar 03 2015 01:30:00 GMT-0800 (PST)
2008,smart,fortwo,passion cabrio,Convertible,automatic,wmeek31x08k096629,ga,39,98618,yellow,black,santander consumer,3250,1900,Thu Feb 05 2015 04:30:00 GMT-0800 (PST)
2009,smart,fortwo,BRABUS coupe,Hatchback,automatic,wmeej31x69k302587,nj,36,58205,white,black,bank of america,4800,4200,Wed Feb 04 2015 01:30:00 GMT-0800 (PST)
2012,smart,fortwo,passion coupe,Hatchback,automatic,wmeej3baxck536751,fl,31,38271,black,black,mercedes-benz financial services,7050,6900,Tue Mar 03 2015 01:30:00 GMT-0800 (PST)
2012,smart,fortwo,passion cabriolet,Convertible,automatic,wmeek3ba6ck580789,ca,42,14810,blue,black,mercedes-benz financial services,8800,9250,Wed Feb 04 2015 04:30:00 GMT-0800 (PST)
2012,smart,fortwo,passion coupe,Hatchback,automatic,wmeej3baxck557020,ga,45,9638,green,black,mercedes-benz financial services,7975,8250,Wed Feb 04 2015 02:00:00 GMT-0800 (PST)
2012,smart,fortwo,passion cabriolet,Convertible,automatic,wmeek3baxck527500,ca,48,9204,white,red,mercedes-benz financial services,9175,9250,Wed Feb 04 2015 04:30:00 GMT-0800 (PST)
2013,smart,fortwo,pure coupe,Hatchback,automatic,wmeej3ba1dk667472,ca,39,15549,gray,black,mercedes-benz financial services,8800,8750,Wed Feb 04 2015 04:30:00 GMT-0800 (PST)
2010,smart,fortwo,passion coupe,Hatchback,automatic,wmeej3ba6ak363873,ne,35,49553,silver,gray,mercedes benz of omaha,5075,6400,Thu Feb 05 2015 03:00:00 GMT-0800 (PST)
2013,smart,fortwo,pure coupe,Hatchback,automatic,wmeej3ba3dk607581,fl,46,19667,red,black,zimmerman auto brokers inc,8650,9800,Tue Feb 03 2015 01:30:00 GMT-0800 (PST)
2013,smart,fortwo,pure coupe,Hatchback,automatic,wmeej3ba9dk645817,ca,44,14734,—,black,mercedes-benz financial services,8825,8750,Wed Feb 04 2015 04:30:00 GMT-0800 (PST)
2013,smart,fortwo,pure coupe,Hatchback,automatic,wmeej3ba4dk727311,ca,42,23082,gray,black,mercedes-benz financial services,8025,8250,Wed Mar 04 2015 04:30:00 GMT-0800 (PST)
2008,smart,fortwo,passion,Hatchback,automatic,wmeej31x28k112915,ca,49,48541,yellow,black,symbolic motor cars,4850,4200,Tue Feb 03 2015 04:30:00 GMT-0800 (PST)
2008,smart,fortwo,passion cabrio,Convertible,automatic,wmeek31x08k125367,mo,4,83380,orange,black,plaza motor company,3800,4200,Tue Feb 03 2015 03:00:00 GMT-0800 (PST)
2009,smart,fortwo,BRABUS coupe,Hatchback,automatic,wmeej31x79k313047,tx,41,24401,red,gray,santander consumer,5700,5800,Wed Jan 28 2015 02:00:00 GMT-0800 (PST)
2009,smart,fortwo,BRABUS coupe,Hatchback,automatic,wmeej31x29k249497,va,22,62336,red,black,mcmb financial,4650,3200,Thu Feb 05 2015 01:20:00 GMT-0800 (PST)
2009,smart,fortwo,BRABUS coupe,Hatchback,automatic,wmeej31x19k241827,ca,35,36266,red,red,coast sports cars inc,5425,6100,Wed Jan 28 2015 04:15:00 GMT-0800 (PST)
2009,smart,fortwo,BRABUS coupe,Hatchback,automatic,wmeej31x19k251810,tx,38,42408,blue,beige,santander consumer,5275,3100,Wed Jan 28 2015 02:00:00 GMT-0800 (PST)
2013,smart,fortwo,electric drive cabriolet,Convertible,automatic,wmeek9aa5dk675057,wi,48,1866,red,black,mercedes-benz finc wholesale advantage,11300,9000,Wed Feb 11 2015 02:00:00 GMT-0800 (PST)
2009,smart,fortwo,BRABUS coupe,Hatchback,automatic,wmeej31x19k331155,ca,35,84432,red,gray,premium auto wholesale,4200,3600,Thu Feb 12 2015 04:00:00 GMT-0800 (PST)
2012,smart,fortwo,passion coupe,Hatchback,automatic,wmeej3ba3ck532430,nv,35,27178,—,black,mercedes-benz financial services,7525,7500,Thu Feb 19 2015 14:00:00 GMT-0800 (PST)
2012,smart,fortwo,passion coupe,Hatchback,automatic,wmeej3ba7ck557637,nv,46,15305,white,black,mercedes-benz financial services,7975,8500,Thu Feb 19 2015 14:00:00 GMT-0800 (PST)
2012,smart,fortwo,passion coupe,Hatchback,automatic,wmeej3ba5ck524247,nv,44,45017,white,black,mercedes-benz financial services,6825,6750,Thu Feb 19 2015 14:00:00 GMT-0800 (PST)
2012,smart,fortwo,passion coupe,Hatchback,automatic,wmeej3ba7ck523648,nv,42,12717,green,black,mercedes-benz financial services,8075,8250,Thu Feb 19 2015 06:00:00 GMT-0800 (PST)
2013,smart,fortwo,pure coupe,Hatchback,automatic,wmeej3ba4dk679230,nv,48,2798,red,gray,mercedes-benz financial services,8775,9750,Thu Feb 19 2015 06:00:00 GMT-0800 (PST)
2008,smart,fortwo,passion,Hatchback,automatic,wmeej31x88k202473,mi,41,67307,yellow,gray,remarketing by ge/manheim detroit,4400,2900,Thu Feb 12 2015 01:30:00 GMT-0800 (PST)
2014,smart,fortwo,passion coupe,Hatchback,automatic,wmeej3ba7ek785446,ca,47,3790,black,black,high bid trading co inc,9575,9600,Wed Feb 11 2015 04:15:00 GMT-0800 (PST)
2012,smart,fortwo,passion coupe,Hatchback,automatic,wmeej3ba7ck520474,wi,46,15104,green,black,mercedes-benz finc wholesale advantage,7900,7000,Wed Feb 11 2015 02:00:00 GMT-0800 (PST)
2013,smart,fortwo,pure coupe,Hatchback,automatic,wmeej3ba6dk644396,ca,34,12190,black,black,mercedes-benz financial services,8900,8500,Thu Feb 12 2015 04:30:00 GMT-0800 (PST)
2012,smart,fortwo,passion coupe,Hatchback,automatic,wmeej3baxck524809,ca,44,39963,silver,black,mercedes-benz financial services,5975,7250,Thu Dec 18 2014 12:30:00 GMT-0800 (PST)
2012,smart,fortwo,passion coupe,Hatchback,automatic,wmeej3ba7ck537517,ca,2,13800,green,black,century dealer services corp,7950,8000,Wed Feb 11 2015 04:00:00 GMT-0800 (PST)
2013,smart,fortwo,pure coupe,Hatchback,automatic,wmeej3bazdk595701,pr,41,36162,silver,black,mercedes-benz financial services,7975,6200,Thu Feb 12 2015 03:00:00 GMT-0800 (PST)
2013,smart,fortwo,pure coupe,Hatchback,automatic,wmeej3ba1dk668735,fl,48,11808,white,black,mercedes-benz financial services,8950,8500,Tue Feb 10 2015 04:15:00 GMT-0800 (PST)
2013,smart,fortwo,pure coupe,Hatchback,automatic,wmeej3ba3dk609993,ca,42,34313,black,black,mercedes-benz usa,7725,5750,Thu Feb 26 2015 04:00:00 GMT-0800 (PST)
2013,smart,fortwo,pure coupe,Hatchback,automatic,wmeej3ba9dk693589,tx,43,22678,black,black,mercedes-benz financial services,8500,8250,Thu Feb 12 2015 03:00:00 GMT-0800 (PST)
2013,smart,fortwo,pure coupe,Hatchback,automatic,wmeej3ba6dk625363,tx,31,29578,black,black,mercedes-benz financial services,8225,7000,Thu Feb 12 2015 03:00:00 GMT-0800 (PST)
2013,smart,fortwo,pure coupe,Hatchback,automatic,wmeej3ba8dk676976,fl,42,5235,silver,black,mercedes-benz financial services,9225,8500,Tue Feb 10 2015 04:15:00 GMT-0800 (PST)
2013,smart,fortwo,pure coupe,Hatchback,automatic,wmeej3ba4dk596171,nj,49,33454,white,black,mercedes-benz financial services,8050,8200,Wed Feb 11 2015 01:30:00 GMT-0800 (PST)
2014,smart,fortwo,passion coupe,Hatchback,automatic,wmeej3ba9ek752061,nj,5,2622,white,black,mercedes-benz financial services,9600,9000,Wed Feb 11 2015 01:30:00 GMT-0800 (PST)
